Producto;Precio
Aceite ELVIVE Óleo Extraordinario Frasco 100ml;34.9
Crema para Peinar PANTENE Keratina Frasco 300ml;19.9
Crema Tratamiento Capilar FRUCTIS Piña Frasco 350ml;24.9
Shampoo ELVIVE Dream Liso Frasco 370ml;19.9
Crema para Peinar HERBAL ESSENCES Bio:Renew Pequi & Aguacate Nutre e Hidrata Frasco 300ml;35.9
Crema para peinar PANTENE Bambú Frasco 300ml;20.9
Alimento Nutricional SUSTAGEN Pro Sabor a Vainilla Lata 900g;69.5
Fórmula Nutricional GLUCERNA Vainilla para Diabéticos Lata 850g;137.69
Gel de Ducha PALMOLIVE Sandía y Lychee 390ml;15.9
Gel para Hombre EGO Attraction Pote 110ml;5.9
Tinte para Cabello en Shampoo JUST FOR MEN Negro Caja 1un;49.09
Pack Toallas Higiénicas NOSOTRAS Buenas Noches Nocturna Natural Paquete 30un x 3un;44.7
Shampoo EGO Men Black Frasco 400ml;14.8
Shampoo HEAD & SHOULDERS Men Con Old Spice Control Caspa Frasco 850ml;39.9
Desodorante para Mujer SECRET Spray Antitranspirante Powder Protect Cotton Frasco 93g;15.5
Shampoo SEDAL Rizos Definidos Frasco 340ml;10.9
Acondicionador SEDAL Ceramidas Frasco 340ml;10.9
Acondicionador PANTENE con Keratina Frasco 510ml;32.9
Acondicionador PANTENE Anti-Caída Botella 510ml;32.9
Suplemento CENTRUM Multivitáminico Silver 30un;49.6
Protectores Diarios NOSOTRAS Sensiti-V Paquete 20un;5.9
Desodorante para Hombre en Aerosol REXONA Motion Sense Invisible Frasco 150ml Paquete 2un;22.9
Jabón Íntimo NOSOTRAS Agua De Rosas Frasco 200ml;15.9
Shampoo TÍO NACHO Anti Caída Herbolaria Frasco 1L;39.9
Espuma de Afeitar NIVEA Men Sensitive Frasco 200ml;36.6
Tinte para Cabello en Shampoo JUST FOR MEN Castaño Oscuro Caja 1un;49.09
Pañales Premium COTIDIAN Protección Adulta Talla G Paquete 20un;57.9
Pañales COTIDIAN Premium Incontinencia Fuerte Talla M Paquete 20un;57.9
Desodorante para Mujer en Aerosol DOVE Dermo Aclarant Frasco 90ml Paquete 2un;26.5
Pañales COTIDIAN Protección Adulta Talla M Paquete 20un;48.9
Pañales COTIDIAN Protección Adulta Talla G Paquete 20un;48.9
Practipañal Multiuso COTIDIAN Apósito Paquete 40un;22.0
Practipañal Multiuso COTIDIAN Apósito Paquete 20un;9.9
Apósito Practiuso PRUDENTIAL Paquete 20un;10.0
Pasta Dental ORAL B Pro-Salud Stages Disney Frozen 75ml;11.9
Practipañal Secos - Bolsa 20 UN;8.5
Pañales Adultos Talla M Secos Premium - Bolsa 21 UN;67.9
Shampoo Anticaída ISDIN Lambdapil - Frasco 200 ML;99.9
Pañales para Adultos Secos Pants Talla G - Bolsa 10 UN;29.9
Pañales para Adultos Secos Pants Talla M - Bolsa 10 UN;29.9
Pañales para Adultos Secos Premium Talla G - Bolsa 21 UN;67.9
Repelente de Insectos OFF Family en Crema - Frasco 196Gr;17.0
Repelente de Insectos en Crema para Bebés OFF!;16.8
Family Repelente de Insectos OFF! en Aerosol;15.3
HAIREX para Caida de Cabello 3 Pack;268.0
Magnesol Polvo Efervescente, Naranja;30.2
Dispensador de LÍquidos y Medicina Owawa - 1 UN;18.9
Pañales para Adultos Secos Clásico Talla M - Bolsa 8 UN;20.9
Pañales para Adultos Secos Active Talla G - Bolsa 21 UN;54.9
Tinte para Cabello Casting Creme Gloss Marrón Glace # 415 - Caja 1 UN;30.9
Tinte para Cabello Casting Creme Gloss Rubio Avellana # 713 - Caja 1 UN;30.9
Tinte para Cabello Casting Creme Gloss Caramelo # 630 - Caja 1 UN;30.9
Tinte para Cabello Casting Creme Gloss Caoba # 550 - Caja 1 UN;30.9
Tinte para Cabello Casting Creme Gloss Negro Azulado # 210 - Caja 1 UN;30.9
Tinte para Cabello Casting Creme Gloss Negro # 200 - Caja 1 UN;30.9
Talco para Bebés Ninet - Frasco 200 G;13.9
Jabón Líquido Neutro para Bebés Ninet - Frasco 250 ML;12.9
Tinte para Cabello Casting Creme Gloss Chocolate # 535 - Caja 1 UN;30.9
Tinte para Cabello Casting Creme Gloss Castaño # 400 - Caja 1 UN;30.9
Crema Repelente de Insectos OFF! Family - Frasco 60 G;6.4
Pañales para Adultos Secos Active Talla M - Bolsa 21 UN;49.5
Shampoo Anticaspa Kelual DS Ducray - Frasco 100 ML;109.7
Tinte para Cabello Casting Creme Gloss Castaño Claro # 500 - Caja 1 UN;30.9
Suero Hidratante Hydrabio Sérum Bioderma - Frasco 40 ML;111.9
Gel Shampoo ISDIN Baby Naturals - Frasco 400 ML;54.9
Aceite de Ducha Eucerin Atopi Control - Frasco 400 ML;125.9
Shampoo Elution Ducray Rebalancing - Frasco 200 ML;57.5
Tinte para Cabello Casting Creme Gloss Castaño Oscuro # 300 - Caja 1 UN;30.9
Aspirador Nasal Owawa - Blíster 1 UN;34.9
Tinte para Cabello Casting Creme Gloss Rubio # 700 - Caja 1 UN;30.9
Protector de Cama Secos Extra Grande;19.9
Protector Mamario Babyma;15.9
Gel de Ducha Eucerin pH5 Syndet - Frasco 400 ML;112.9
Loción Anticaída ISDIN Lambdapil - Frasco 125 ML;149.9
Tinte para Cabello Casting Creme Gloss Rubio Oscuro # 600 - Caja 1 UN;30.9
Foaming Cream Bioderma Pigmentbio Gel - Frasco 500 ML;135.9
Pañales para Adultos Secos Clásico Talla G - Bolsa 8 UN;23.9
Cicaplast Labios Bálsamo Reparador 7.5ml La Roche Posay - Barra 8 ML;49.9
Crema Depilatoria VEET Bikini y Axilas Caja 100ml;33.7
Cera Depilatoria DEPILÉ Olla Calendula y Orquídea Caja 200g;44.9
Sales de Baño Geo Spa Detoxifying Bath Soak 380grs;42.9
Jabón de Tocador DOVE Original 90g Paquete 3un;11.4
Pasta Dental COLGATE Triple Acción Pack 3x100ml - Protección Anticaries;16.9
Toallas Higiénicas NOSOTRAS Buenas Noches Nocturna Natural Paquete 30un;15.5
Jabón DOVE Karité y Vainilla Barra 90g Paquete 3un;11.9
Crema Dental DENTO Tripack Triple Acción Tubo 80g;9.5
Pasta Dental AQUAFRESH Triple Protección - Paquete 3 un x Tubo 100ml;16.5
Pasta Dental Blanqueadora Colgate Luminous White 2x75ml;17.9
Jabón en Barra PROTEX Avena 3x110g;10.4
Toallas Higiénicas NOSOTRAS Natural Alas Gel Paquete 48un;12.9
Jabón de Tocador BALANZÉ BÁSICOS Avena Paquete 3un x 100g;5.5
Jabón Tocador REXONA Antibacterial Avena 110g x 3un PV;6.9
Pasta Dental KOLYNOS Super Blanco 3x60ml;11.2
Pasta de Dientes ORAL-B 100% 100ml Caja 2un;20.5
Jabón Líquido Antibacterial BACTERION Coco y Vainilla Doypack 1L;12.9
Toalla Higiénica LADYSOFT Normal Paquete 60un;14.5
Jabón de Tocador DOVE Blanco Barra 90g Paquete 6un;23.9
Jabón de Tocador DOVE Leche de Coco Barra 90g Paquete 3un;11.9
Pasta Dental con Flúor ORAL-B Complete 4 en 1 Tubo 80g Paquete 3un;14.5
Jabón Líquido BALLERINA Crema Humectante Doypack 750ml;10.6
Toallas Higiénicas NOSOTRAS Invisible Paquete 30un;8.9
Pasta Dental COLGATE Triple Acción 3x75ml;15.9
Jabón Líquido AVAL Antibacterial Frutos Rojos Doypack 800ml;11.7
Jabón en Barra PALMOLIVE Aloe y Oliva Pack 3x110g - Nutrición Profunda;9.6
Jabón en Barra PALMOLIVE Avena y Azucar Pack 3x120g - Exfoliación Suave;9.6
Jabón Líquido BALLERINA Avena Doypack 750ml;10.6
Jabón en Barra PALMOLIVE Naturals Intensa Renovación 3x120g;9.6
Jabón de Glicerina BOREAL Natural Barra 100g Paquete 3un;6.9
Protectores Diarios NOSOTRAS Multiestilo Caja 150un;15.4
Protectores Diarios NOSOTRAS Normal Caja 150un;15.4
Jabón Líquido Antibacterial BALANZÉ Coco Vainilla Doypack 800ml;8.9
Jabón NEKO Antibacterial Extra Protección 3un x 110g;10.9
Jabón de Tocador BALANZÉ BÁSICOS Aloe Vera Paquete 3un x 100g;5.5
Jabón Tocador REXONA Antibacterial Limpieza Profunda 110g x 3un PV;6.9
Jabón Tocador REXONA Antibacterial Fresh 110g x 3un;6.9
Jabón Tocador REXONA Antibacterial Bamboo y Aloe 110g x 3un PV;6.9
Shampoo Head & Shoulders Anti-Comezón Frasco 375ml;18.9
Jabón PALMOLIVE Mandarina y Romero en Barra 3x 110g;9.6
Shampoo SAVITAL Anticaspa Menta, Eucalipto y Sábila Frasco 510ml;10.9
Shampoo SAVITAL Complejo Hiarulónico Frasco 510ml;10.9
Jabón en Barra Antibacterial PROTEX Avena Pack 3x110 g - Hidratación Intensiva;19.9
Pasta Dental DENTO Triple Acción 6Pack Tubo 80g;18.7
Cepillo de Dientes COLGATE Zig Zag Carbón Pack 4 un - Limpieza Profunda;15.4
Jabón Liquido PROTEX Avena 800ml;14.9
Alcohol Medicinal PORTUGAL de 70° Frasco 1L;11.9
Pasta Dental COLGATE Total Antisarro Prevención Activa 3x75ml;28.9
Bicarbonato de Sodio ALKOFARMA Pote 100g;2.1
Jabón de Tocador JOHNSONS Almendra y Avena Barra 110g Paquete 3un;11.8
Toalla Higiénica KOTEX Normal Paquete 60un;14.9
Desodorante para Hombre en Aerosol REXONA V8 Frasco 150ml Paquete 2un;22.9
Jabón de Tocador DOVE Revigorizante Barra 90g Paquete 3un;11.9
Cepillo de Dientes COLGATE Extra Clean 3un;14.9
Shampoo SEDAL Ceramidas Frasco 340ml;10.9
Pasta Dental Colgate Triple Acción 3x60ml;13.9
Toallas Higiénicas NOSOTRAS Invisible Rapigel Paquete 40un;15.2
Pasta Dental ORAL-B 3D White 75ml Caja 2un;18.9
Jabón Líquido BALLERINA Violetas Silvestres Doypack 750ml;10.6
Jabón en Barra PROTEX Fresh 3x110g;10.4
Jabón de Tocador HENO DE PRAVIA Natural Barra 150g Paquete 3un;21.1
Hisopos BALANZÉ Algodón Hidrófilo Caja 300un;9.9
Máquina de Afeitar GILLETTE Prestobarba Ultragrip Descartable Paquete 5un;17.9
Jabón Líquido Antibacterial BALANZÉ Avena Miel Doypack 800ml;8.9
Toallas Higiénicas KOTEX Nocturna Paquete 32un;14.9
Jabón Líquido Íntimo LACTACYD Probio Clarity Frasco 220ml;28.5
Jabón Líquido DOVE Nutrición Profunda Frasco 250g;12.9
Pack Shampoo NUTRIBELA Botella 400ml + Crema de Tratamiento Capilar Biokeratina Frasco 300ml;23.9
Pack HERBAL ESSENCES White Grapefruit Shampoo 400ml + Acondicionador 400ml;54.9
Shampoo DOVE Bond Intense Repair 350ml;15.9
Crema de Tratamiento DOVE Bond Intense Repair 250g;29.9
Acondicionador DOVE Bond Intense Repair 250ml;15.9
Pañal para Adulto TENA Slip Ultra Talla L Paquete 20un;61.9
Jabón NEKO Antibacterial Extra Suave 3un x110g;10.9
Cepillo Dental ORAL-B Complete Color Paquete 4un;17.9
Acondicionador NUTRIBELA Biokeratina Frasco 370ml;14.9
Shampoo sin sal' Cabello Seco PANTENE Keratina con Pro Vitamina B5 Frasco 510ml;32.9
Toalla Higiénica NOSOTRAS Larga Extra Suave Paquete 24un;8.5
Acondicionador ELE Glycolic Gloss Frasco 370ml;18.9
Shampoo ELE Glycolic Gloss Frasco 370ml;18.9
Shampoo AMARAS Raíces y Puntas Felices Frasco 400ml;14.0
Jabón PROTEX Nutri Protect Macadamia en Barra 6x110g;19.9
Desodorante para Mujer SECRET Antitranspirante en Gel Invisible Coco Frasco 45g;16.9
Shampoo ELVIVE Anti-Caída Aminexil Frasco 370ml;18.5
Acondicionador ELVIVE Anti-Caída Aminexil Frasco 370m;18.5
Máquina de Afeitar GILLETTE Prestobarba3 con 3 Hojas, Afeitada al Ras, 3un;21.9
Shampoo SAVITAL con Multióleos y Sábila Frasco 510ml;10.9
Shampoo SAVITAL con Colágeno y Sábila Frasco 510ml;10.9
Acondicionador SAVITAL Complejo Hiarulónico Frasco 490ml;10.9
Pasta Dental COLGATE Triple Acción Menta Original 100ml;8.9
Pasta Dental Niños COLGATE Agnes & Fluffy 60g;7.0
Jabón en Barra PROTEX Avena + Prebiótico 8x110g;28.0
Shampoo AMARÁS Magia Andina Frasco 700ml;23.0
Shampoo Ácido Hialurónico ELVIVE Pure Frasco 370ml;22.5
Acondicionador Ácido Hialurónico ELVIVE Pure Frasco 370ml;22.5
Shampoo HEAD & SHOULDERS 2 En 1 Suave Y Manejable Control Caspa Frasco 850ml;39.9
Pasta Dental COLGATE Total Carbón Prevención Activa 3x75ml;25.5
Jabón Líquido BALLERINA Coco & Lima Doypack 750ml;10.9
Cepillo De Dientes COLGATE Colors x 5un;19.9
Jabón de Tocador DOVE Karité y Vainilla 90g Pack 6un;22.9
Shampoo AMARÁS Reparación Divina Frasco 700ml;23.0
Desodorante para Mujer en Barra DOVE Tono Uniforme Rosas Frasco 45g;13.9
Cepillo de Dientes ORAL-B Clean Complete Color Collection Blíster 2un;11.5
Desodorante para Hombre en Aerosol DOVE Men Invisible Dry Frasco 150ml;12.5
Desodorante para Hombre en Aerosol DOVE Men Protección Total Frasco 150ml;12.5
Jabón en Barra PALMOLIVE Sandia & Lychee Pack 3x110 g - Frescura Natural;9.6
Jabón Líquido AVAL Frutos Rojos Frasco 1L;13.8
Jabón en Barra PROTEX Men Sport 3x110g;10.4
Jabón Líquido BALLERINA Yoghurt y Arándanos Doypack 750ml;10.6
Mousse HERBAL ESSENCES Espuma Modeladora Para Cabello Rizo Frasco 200g;19.9
Desodorante para Mujer en Aerosol REXONA Active Emotion Frasco 150ml Paquete 2un;22.9
Pack HERBAL ESSENCES Shampoo Aceite de Argán Frasco 400ml + Acondicionador Argan Oil of Morocco Frasco 400ml;54.9
Pack HERBAL ESSENCES Shampoo Leche de Coco Frasco 400ml + Acondicionador Leche de Coco Frasco 400ml;54.9
Jabón en Barra PALMOLIVE Carbon 3x120g;9.6
Toalla Higiénica LADYSOFT Nocturna Paquete 32un;15.5
Tampones NOSOTRAS Súper Plus Con Aplicador Paquete 8un;14.6
Jabón Antibacterial DOVE Barra 90g Paquete 3un;11.9
Jabon Liquido PALMOLIVE Manzana Doypack 800ml;14.9
Shampoo PANTENE Bambú Nutre & Crece Frasco 400ml;20.9
Enjuague Bucal DENTO  Zero Menta Glacial Frasco 980ml;19.9
Alcohol en Gel BALANZE Neutro Botella 1L;15.5
Jabón de Tocador JOHNSON'S Original Barra 110g Paquete 3un;11.8
Crema de Tratamiento NUTRIBELA Biokeratina Frasco 300g;14.9
Pasta Dental Blanqueadora COLGATE Luminous White Carbón x75ml;13.5
Shampoo HEAD & SHOULDERS Aceite de Coco Frasco 375ml;18.9
Jabón Íntimo NOSOTRAS Sensitive Frasco 200ml;15.9
Jabón Líquido Antibacterial BACTERION Avena y Miel Doypack 1L;12.9
Gel Dental COLGATE Kids Surtido Caja 50ml;4.5
Cepillo de Dientes COLGATE Pro Cuidado 4un;19.9
Hisopos BOREAL Clásicos Caja 200un;7.9
Complemento Nutricional ENSURE Advance Vainilla Lata 850g + Complemento Nutricional ENSURE Advance Vainilla Lata 400g;145.9
Acondicionador DOVE Hidratación Intensa Frasco 400ml;15.9
Shampoo DOVE Hidratación Intensa Frasco 400ml;15.9
Jabón en Barra PALMOLIVE Avena y Azúcar 6x120g;18.5
Shampoo H&S Men Old Spice Frasco 375ml;18.9
Shampoo H&S Suave y Manejable 2en1 Frasco 375ml;18.9
Shampoo H&S Limpieza Renovadora Frasco 375ml;18.9
Pasta Dental Para Niños COLGATE Smiles Minions x75ml;11.9
Desodorante para Hombre en Barra DOVE Invisible Dry Frasco 50g;13.9
Desodorante para Mujer Spray NIVEA Tono Natural Classic Touch Frasco 150ml;14.9
Desodorante para Mujer en Roll On NIVEA Tono Natural Classic Touch Frasco 50ml;14.9
Protectores Diarios KOTEX Normal Paquete 150un;16.9
Crema para Peinar SEDAL Rizos Definidos Frasco 300ml;10.9
Pasta Dental COLGATE Max White 2x75ml;16.9
Jabón de Tocador HENO DE PRAVIA Crema Hidratante Barra 150g Paquete 3un;21.1
Pasta Dental COLGATE Triple Accion 2x100ml;15.1
Cepillo Dental COLGATE Extra Clean Firme Doble Acción 2un;10.9
Hilo Dental COLGATE Mint x50mts;14.0
Cepillos Dentales ORAL B Pro Doble Acción Profile 1000 Paquete 2un;11.5
Máquina de Afeitar Desechable GILLETE Prestobarba3 Para Mujer Paquete 2un;16.9
Enjuague Bucal LISTERINE Cool Mint Botella 500ml;20.8
Enjuague Bucal COLGATE Plax Sin Alcohol Frasco 1L;25.0
Enjuague bucal LISTERINE Zero menta suave Botella 500Ml;20.8
Pasta Dental AQUAFRESH Big Teeth desde 6 años - Tubo 75ml;10.9
Hilo Dental ORAL B Essential Paquete 50m;12.5
Hilo Dental JOHNSON & JOHNSON Reach Menta Paquete 50m;14.8
Enjuague Bucal COLGATE Plax Sin Alcohol 500ml;16.6
Pasta Dental COLGATE Triple Acción x 150ml;11.8
Pasta Dental SENSODYNE Repara y Protege Tubo 100g;25.5
Jabón Líquido Antibacterial AVAL Eucalipto Doypack 800ml;11.7
Algodón COPPON Bebé Bolsa 60g;12.9
Talco para pies ISANA Triple Acción Frasco 240g + Frasco 60g;20.1
Desodorante para Hombre Spray NIVEA Invisible B&W Male Frasco 150ml;14.9
Desodorante para Mujer en Roll On REXONA Active Emotion Frasco 50ml;11.9
Hisopos BALANZÉ Algodón Hidrófilo Caja 100un;4.5
Hisopos COPPON Premium Caja 300un;13.2
Algodón COPPON Mujer disco Bolsa 70Un;9.9
Desodorante para Hombre Roll On NIVEA Invisible B&W Male Frasco 50ml;14.9
Desodorante para Hombre Spray NIVEA Sensitive Protect Frasco 150ml;14.9
Aceite ELVIVE Óleo Extraordinario Frasco 100ml;34.9
Toalla Higiénica NOSOTRAS Buenas Noches Invisible Rapisec Paquete 10un;9.8
Protectores Diarios NOSOTRAS Desodorante Caja 120un;13.9
Protector para Cama COTIDIAN Sabanilla Paquete 8un;21.9
Protectores Diarios NOSOTRAS Largos Sin Alas Paquete 80un;23.0
Toallas Higiénicas NOSOTRAS Alas Tela Gel Paquete 10un;5.3
Desodorante para Mujer en Roll On HI & DRI Power Fresh Frasco 50ml;14.89
Desodorante para Mujer en Roll On HI & DRI Unscented Frasco 50ml;14.89
Máquina de Afeitar SCHICK Xtreme 3 Piel Sensible Paquete 2un;13.5
Shampoo PANTENE Rizos Definidos Frasco 400ml;20.9
Jabón Líquido Íntimo LACTACYD Probio Neutral Frasco 220ml;28.5
Shampoo ELVIVE Dream Liso Frasco 370ml;19.9
Acondicionador ELVIVE Dream Cabello Liso Botella 370ml;19.9
Jabón de Tocador DOVE Original Barra 90g Paquete 8un;28.9
Jabón Líquido Antibacterial BALANZÉ Avena Miel Frasco 400ml;7.9
Jabón Líquido Antibacterial BALANZÉ Coco Vainilla Frasco 400ml;7.9
Acondicionador SEDAL Luminous UV Frasco 340ml;10.9
Shampoo SEDAL Luminous UV Frasco 340ml;10.9
Perfume Hombre ROYAL REGIMENT Leather Edt 200ml;69.9
Toallas Higiénicas NOSOTRAS Buenas Noches Invisible Paquete 24un;14.9
Óleo DOVE Bond Intense Repair 110ml;32.3
Pañal para Adulto TENA Slip Ultra Talla M Paquete 20un;61.9
Pack Alimento Nutricional PEDIASURE Vainilla Botella 220ml x14un;136.5
Jabón NEKO Antibacterial Avena 3un x110g;10.9
Jabón NEKO Antibacterial Aloe 3un x 110g;10.9
Enjuague Bucal LISTERINE Cool Mint Zero Frasco 180ml;9.9
Crema de Tratamiento NUTRIBELA Biokeratina Frasco 450ml;21.9
Shampoo NUTRIBELA Reparacion Intensiva Frasco 400ml;13.9
Shampoo SAVITAL Aminoácidos Frasco 510ml;10.9
Acondicionador NUTRIBELA Reparacion Intensiva Frasco 370ml;14.9
Desodorante para Mujer en Barra DOVE Coco Frasco 45g;13.9
Shampoo NUTRIBELA Biokeratina Frasco 400ml;13.9
Shampoo NUTRIBELA Células Madre Frasco 400ml;13.9
Tinte Capilar Garnier NUTRISSE Oleos 7.12 Rubio Cenizo Nacarado Caja 1un;24.9
Shampoo PANTENE Keratina Frasco 300ml + Acondicionador PANTENE Keratina Tubo 250ml;34.9
Shampoo SEDAL Prebióticos + Biotina Frasco 340ml;10.9
Acondicionador SEDAL Prebióticos + Biotina Frasco 340ml;10.9
Acondicionador SAVITAL Aminoácidos 490ml;10.9
Shampoo ELE Glycolic Gloss Frasco 680ml;36.5
Jabón Líquido Corporal PALMOLIVE Smoothie Almendra, Aguacate y Leche 390ml;17.9
Algodón BALANZÉ BÁSICOS Bolsa 100g;6.7
Desodorante para Mujer en Barra SECRET Powder Protect Cotton 45g Pack 2un;32.9
Shampoo DOVE Oleo Nutrición Frasco 370ml;15.9
Desodorante para Mujer SECRET Antitranspirante Clinical Strength en gel pH Balanced Frasco 45g;25.5
Desodorante para Mujer SECRET Antitranspirante en Crema Suave Clinical Strength Powder Protect Frasco 45g;25.5
Pack Herbal Essences Bio:Renew Pequi & Aguacate Nutre e Hidrata Shampoo 400ml + Acondicionador 250ml;54.9
Pack LANOSTERIN Lan Keratin Shampoo 300ml + Acondicionador 30ml + Mascarilla Keratin 300ml + Óleo 60ml;109.9
Acondicionador SAVITAL con Multióleos y Sábila Frasco 490ml;10.9
Pack Desodorante en Aerosol AXE Dark Temptation + Epic Fresh Frasco 300ml;26.5
Toallas Higiénicas LADYSOFT Nocturna Maxi Pro Paquete 24un;12.5
Shampoo SAVITAL Anticaspa con Extracto Té Verde Frasco 510ml;10.9
Acondicionador DOVE Óleo Nutrición Frasco 370ml;15.9
Máquina de AfeitaR GILLETTE Venus Sensitive con Skin Elixir para Piel Sensible, 1un;9.9
Pack Complemento Nutricional ENSURE Advance Sabor a Vainilla Botella 220ml x 14un;142.8
Desodorante para Mujer en Aerosol REXONA Clinical Women Classic Frasco 150ml;19.9
Acondicionador SAVITAL con Colágeno y Sábila Frasco 490ml;10.9
Toallas Higiénicas ALWAYS Noches Tranquilas Suave XG Paquete 26un;17.9
Desodorante para Hombre en Aerosol REXONA Men Forest Frasco 150ml;12.9
Pack ELVIVE Shampoo Ácido Hialurónico Pure Frasco 370ml + Acondicionador Ácido Hialurónico Pure Frasco 370ml;38.9
Jabón en Barra DOVE Baby Humectación Sensible 75g Paquete 3un;11.9
Jabón en Barra PALMOLIVE Naturals Banana y Aguacate 3x110g;9.6
Shampoo Ácido Hialurónico ELVIVE Pure Frasco 680ml;34.9
Enjuague Bucal COLGATE Plax Niños Agnes & Fluffy Frasco 250ml;12.5
Shampoo Garnier FRUCTIS Manteca de Cacao Frasco 300ml;26.9
Pack Acondicionador HERBAL ESSENCES Manzanilla Frasco 400ml + Shampoo HERBAL ESSENCES Manzanilla Frasco 400ml;54.9
Crema para Peinar FRUCTIS Manteca de Cacao Frasco 300ml;28.5
Acondicionador FRUCTIS Manteca de Cacao Frasco 300ml;26.9
Toalla Multiuso Practipañal Desechable PLENITUD Paquete 38un;19.5
Máscara de Tratamiento 2 en 1 SKALA Mais Cachos Pote 1000g;39.9
Gel de Ducha PALMOLIVE Naturals Cereza & Coco 390ml;15.9
Shampoo DOVE Hidra Liso Frasco 400ml;15.9
Desodorante para Hombre en Aerosol AXE Men Dark Temptation Frasco 250ml;18.9
Desodorante para Hombre en Aerosol AXE Men Marine Frasco 150ml;13.9
Jabón en Barra PROTEX Carbón Detox 3x110g;10.4
Desodorante para Mujer LADY SPEED STICK Clínico Protege Aclara Frasco 100g;12.0
Pack PANTENE Shampoo Bambú Nutre y Crece Frasco 400ml + Acondicionador Bambú Frasco 400ml;33.5
Shampoo AMARÁS Reparación Divina Frasco 400ml;14.0
Shampoo AMARÁS Diosa Rulosa Frasco 700ml;23.0
Shampoo AMARÁS Diosa Rulosa Frasco 400ml;14.0
Shampoo AMARÁS Bendito Clima de Lima Frasco 400ml;14.0
Acondicionador AMARÁS Diosa Rulosa Frasco 475ml;17.9
Acondicionador AMARÁS Reparación Divina Frasco 260ml;10.3
Pack PANTENE Shampoo Colágeno Frasco 300ml + Acondicionador Colágeno Frasco 250ml;33.5
Ropa interior desechable TENA Pants Ultra Incontinencia Fuerte Talla L Paquete 20un;53.9
Ropa interior desechable TENA Pants Ultra Incontinencia Fuerte Talla M Paquete 20un;53.9
Acondicionador Pantene Pro-V Colágeno Nutre & Revitaliza Frasco 510ml;32.9
Desodorante para Hombre en Aerosol DOVE Men Sport Frasco 150ml;12.5
Shampoo DOVE Reconstrucción Completa Superior Frasco 750ml;29.9
Acondicionador DOVE Reconstrucción Completa Superior Frasco 750ml;29.9
Shampoo ELVIVE Reparación Total 5 Frasco 370ml;20.9
Shampoo ELVIVE Colorvive Frasco 370ml;20.9
Acondicionador ELVIVE Colorvive Frasco 370ml;20.9
Acondicionador ELVIVE Reparación Total 5 Frasco 370ml;20.9
Jabón Líquido AVAL Ritual Relajante Doypack 800ml;12.9
Gel de Ducha PALMOLIVE Pitahaya 760ml;20.9
Desodorante para Hombre en Crema SPEED STICK Clinical Frasco 100g;12.0
Desodorante para Mujer en Tubo LADY SPEED STICK Clinical Frasco 100g;12.0
Acondicionador ELVIVE Ácido Hialurónico Frasco 370ml;21.5
Shampoo ELVIVE Ácido Hialurónico Frasco 370ml;21.5
Mascarilla Tratamiento Capilar PANTENE Pro-V Miracles Pote 300ml;20.9
Shampoo PANTENE Hidratación Extrema Frasco 1L;35.9
Shampoo HERBAL ESSENCES Argan Oil Frasco 865ml;55.9
Acondicionador HERBAL ESSENCES Argan Oil Frasco 865ml;55.9
Enjuague Bucal LISTERINE Cool Mint Zero Alcohol Frasco 1.5L;36.5
Enjuague Bucal LISTERINE Cool Mint Frasco 1L;30.8
Pack FRUCTIS Hair Food Aloe Shampoo Frasco 300ml + Acondicionador Frasco 300ml + Crema Hidratante Frasco 350ml;59.9
Pack FRUCTIS Hair Food Coco Shampoo Frasco 300ml + Acondicionador Frasco 300ml + Crema Reparadora Frasco 350ml;59.9
Jabón Líquido Antibacterial AVAL Feria Flores Doypack 800 ml;11.7
Alcohol Medicinal 100X 70° Frasco 1L;12.2
Jabón Antibacterial DOVE Barra 90g Paquete 6un;22.9
Shampoo FRUCTIS Hair Food Aloe Frasco 300ml;27.9
Shampoo PANTENE Bambú Nutre & Crece Frasco 750ml;32.9
Desodorante en Aerosol para Pies DEO PIES Antibacterial Spray 260ml;28.6
Desodorante para Mujer en Spray LADY SPEED STICK Pro5 2x91g;25.6
Desodorante Hombre SPEED STICK 24/7 Xtreme Bloc Aerosol 2x91g;25.6
Alcohol Medicinal PORTUGAL de 70° Frasco 500ml;7.3
Laca Extra firme TRESemmé 300ml;18.2
Crema Capilar NUTRIBELA Reparación Intensiva 15 Pote 300ml;14.9
Agua Oxigenada ALKOFARMA Frasco 500ml;2.5
Shampoo ELVIVE RT5 Cica Repair Frasco 1L;38.9
Desodorante para Hombre en Barra OLD SPICE Fresh Frasco 50g Paquete 2un;25.9
Pasta de Dientes ORAL-B 3D White Caja 75ml;17.9
Toalla Higiénica LADYSOFT Delgada Paquete 60un;14.5
Máquina de Afeitar LEA Women Premium 2 Hojas Paquete 4un;7.5
Ropa Interior Desechable PLENITUD Protect Plus G/XG Paquete 24un;62.9
Máquina de Afeitar SCHICK Xtreme3 para Mujer Paquete 2un;12.5
Gel de Ducha BABARIA Leche de Coco y Vainilla Frasco 1L;23.4
Gel de Baño Avena BABARIA Frasco 600ml;20.9
Jabón de Tocador JOHNSON'S Granada Barra 110g Paquete 3un;11.8
Pasta Dental COLGATE Triple Acción 6x60ml;24.9
Jabón en Barra PROTEX Limpieza Profunda 6x110g;19.9
Toalla Higiénica KOTEX Ultrafina Antibacterial Paquete 60un;14.9
Acondicionador H&S Hidratación Frasco 300ml;18.9
Toallas Higiénicas NOSOTRAS Alas Tela Gel Paquete 36un;9.9
Cepillo de Dientes ORAL B Kid's Mickey Mouse 3 Años Paquete 2un;10.0
Cepillo de Dientes PRO Doble Acción Paquete 3un;15.9
Desodorante para Mujer en Roll On LEA Dermo Sensitive Frasco 50ml;7.9
Desodorante para Hombre en Roll On LEA Dermo Protection Frasco 50ml;7.9
Desodorante para Mujer en Barra DOVE Invisible Dry Frasco 50g;13.9
Desodorante Aerosol para Pies ISANA 48H de Protección Frasco 150ml;19.1
Shampoo THE BARBERIA Anticaspa y Anticaída Frasco 300ml;17.9
Practipañal PLENITUD Femme Incontinencia Leve a Moderada Paquete 20un;13.0
Jabón Líquido Antibacterial BACTERION Frutos Rojos Doypack 1L;12.9
Cepillo de Dientes ORAL-B Advanced Radiant Pack 5un;35.9
Crema de Tratamiento FRUCTIS Hair Food Reparadora de Coco Frasco 350ml;24.9
Jabón Líquido BALLERINA Yoghurt Berries y Vainilla Doypack 750ml;10.6
Jabón Líquido Antibacterial AVAL  Eucalipto Frasco 1L;13.8
Jabón de Tocador DOVE Micelar Barra 90g Paquete 3un;11.9
Máquina de Afeitar GILLETTE Mujer Venus Tropical Paquete 3un;29.9
Cepillo de Dientes ORAL-B 7 Beneficios Pack 5un;38.9
Enjuague Bucal LISTERINE Zero Menta Fresca Frasco 500ml;21.5
Desodorante para Mujer en Aerosol NIVEA Invisible B&W Clear Frasco 150ml;14.9
Shampoo SEDAL Ceramidas Frasco 1L;29.9
Cepillo de Dientes COLGATE Niños 5+ Años x2un;8.5
Shampoo HERBAL ESSENCES Leche de Coco Frasco 400ml;34.9
Cepillos Dentales ORAL-B Indicator Color Collection Suave 4un;17.9
Toallas Higiénicas NOSOTRAS Invisible Desodorante Paquete 30un;8.9
Máquina Afeitar GILLETTE Prestobarba3 Empaque 6un;35.9
Desodorante para Mujer en Aerosol REXONA Antibacterial Invisible Frasco 150ml Paquete 2un;22.9
Shampoo + Acondicionador PANTENE 2 en 1 Restauración Frasco 700ml;32.9
Protectores Diarios KOTEX Ultraflexibles Paquete 15un;3.6
Enjuague bucal LISTERINE Anticaries Zero alcohol Botella 500Ml;21.5
Gel de Ducha DOVE Leche de Coco Frasco 250ml;12.9
Desodorante para Mujer en Aerosol DOVE Original Frasco 150ml;12.5
Repuesto de Máquina de Afeitar SCHICK Intuition Pure Nour Paquete 2un;25.5
Espuma de Afeitar LEA Piel Sensible Frasco 250ml;17.5
Jabón Líquido Antibacterial PROTEX Avena 221ml;8.0
Shampoo SEDAL Duo 2 en 1 Frasco 340ml;10.9
Shampoo H&S Limpieza Renovadora 2en1 Frasco 375ml;18.9
Shampoo HEAD & SHOULDERS Protección Caída Frasco 375ml;18.9
Cepillo de Dientes para Niños COLGATE Smiles Minions 2un;15.4
Desodorante para Hombre en Aerosol AXE Antitranspirante Dark Temptation Frasco 152ml;13.9
Desodorante para Mujer en Roll On DOVE Original Frasco 50ml;12.3
Shampoo CLEAR Anticaspa Men 2 en 1 Dual Effect Frasco 400ml;19.5
Pasta Dental AQUAFRESH Complete Care Whitening Tubo 100ml;10.9
Máquina de Afeitar GILLETTE Prestobarba 3 Paquete 2un;16.9
Desodorante para Hombre en Aerosol REXONA Xtra Cool Frasco 150ml;12.9
Repuesto Máquina Afeitar Gillette VENUS Breeze 2un;28.9
Crema Dental ORAL-B Complete Menta Refrescante 3x80g;16.9
Pasta Dental COLGATE Sensitive Pro Alivio x75ml;22.5
Máquina para Afeitar Desechable GILLETTE Venus Suave 2 Unidades;16.9
Enjuague Bucal DENTO Menta Glacial Frasco 500ml;12.9
Pasta Dental para Niños COLGATE Smiles x75ml;11.9
Máquina Afeitar GILLETTE Prestobarba3 Empaque 4un;28.9
Máquina de Afeitar SCHICK Quattro Titanium 4 Empaque 3un;22.9
Máquina de Afeitar SCHICK Quattro Desechable Paquete 2un;16.5
Jabón en Barra PROTEX Omega3 3x110g;10.4
Jabón de Tocador DOVE Surtido Barra 90g Paquete 3un;11.9
Jabón Líquido Antibacterial AVAL Mágica Vainilla Doypack 800ml;11.7
Desodorante para Hombre en Roll On REXONA V8 Frasco 50ml;11.9
Esponja de Baño BOREAL Exfoliante Paquete 1un;5.49
Jabón de Tocador BOREAL Glicerina Varios Paquete 3un;6.9
Desodorante para Mujer en Aerosol REXONA Active Emotion Frasco 150ml;12.9
Jabón Líquido Antibacterial AVAL Frutos Rojos Frasco 400ml;9.6
Jabón Líquido Antibacterial AVAL Eucalipto Fresco Frasco 400ml;9.6
Hansaplast Spray Desodorante para Pies Fresh Active 150ml;18.5
Jabón de Tocador BOREAL Glicerina Natural Bolsa 100g;2.7
Hisopos COPPON Familia Caja 100un;6.2
Talco para Pies BALANZÉ Frasco 150g + Frasco 75g;9.9
Antiácido SAL DE ANDREWS Polvo efervecente triple acción Caja 12Un;14.5
Desodorante para Mujer en Roll On NIVEA Invisible B&W Clear Frasco 50ml;14.9
Alcohol Etílico BOREAL 96° Frasco 1L;12.9
Desodorante para Mujer en Barra REXONA Clinical Frasco 48g;24.9
Algodón BALANZÉ Bolitas Bolsa 80g;7.2
Protectores Diarios NOSOTRAS Normal Paquete 30un;7.3
Toalla Higiénica NOSOTRAS Buenas Noches Mayor Protección Paquete 10un;9.8
Protectores Diarios NOSOTRAS Largos Sin Alas Paquete 50un;15.6
Tampones KOTEX Super con Aplicador Paquete 8un;14.0
Tampones NOSOTRAS Regular Sin Aplicador Paquete 10un;8.7
Acondicionador PANTENE Hidratación Extrema Frasco 400ml;20.9
Shampoo PANTENE Hidratación Frasco 400ml;20.9
Tampones NOSOTRAS Súper Sin Aplicador Paquete 10un;8.7
Tinte para Cabello CASTING Creme Gloss 500 Castaño Claro Caja 1un;30.9
Protectores Diarios NOSOTRAS Normal Desodorante Paquete 15un;3.9
Shampoo PANTENE Restauración Frasco 400ml;20.9
Acondicionador PANTENE Rizos Definidos Frasco 400ml;20.9
Crema para Peinar Rizos PANTENE Pro-V Frasco 300ml;20.9
Complemento Nutricional ENSURE Advance Vainilla Lata 850g;107.9
Tinte para Cabello GARNIER Nutrisse 60 Capuccino Caja 1un;19.9
Algodón COPPON Familia zigzag Bolsa 100Gr;6.99
Toalla Higiénica KOTEX Nocturna Larga Bolsa 20un;9.9
Shampoo ELVIVE Dream Liso Botella 680ml;34.9
Tratamiento Capilar ELVIVE Dream Liso Pote 300g;19.9
Acondicionador ELVIVE Dream Cabello Liso Botella 680ml;34.9
Enjuague Bucal THERA BREATH Icy Mint sin Alcohol Frasco 473ml;47.9
Pack KATIVA Hyaluronic Oil Shampoo 355ml + Acondicionador 355ml + Tratamiento 300ml;39.9
Pack KATIVA Argan Oil Shampoo 355ml + Acondicionador 355ml + Tratamiento 300ml;39.9
Crema para Peinar SEDAL Luminous UV Frasco 300ml;10.9
Pack HERBAL ESSENCES White Grapefruit Shampoo 400ml + Acondicionador 400ml + Mascarilla Intensiva con Aloe 300ml;71.9
Deocolonia Men en Aerosol AXE Dark Temptation Frasco 90ml x2un;26.5
Shampoo HEAD & SHOULDERS Antiresequedad Frasco 375ml;18.9
Crema Tratamiento Capilar FRUCTIS Piña Frasco 350ml;24.9
Pack ELVIVE Shampoo Glycolic Gloss Frasco 370ml + Aceite Óleo Extraordinario Frasco 100ml + Acondicionador Glycolic Gloss Frasco 370ml;64.9
Alimento Nutricional PEDIASURE Sabor a Chocolate Lata 1.6Kg;185.69
Alimento Nutricional PEDIASURE Sabor a Vainilla Lata 1.6Kg;181.0
Desodorante para Hombre Body Spray AXE BZRP Pure Coconut 150ml;16.9
Pack HERBAL ESSENCES Shampoo Leche de Coco 400ml + Acondicionador + Mascarilla 300ml + Tratamiento Capilar;91.9
Jabón JOHNSON'S Rosas y Sándalo Paquete 3un x 110g;11.8
Desodorante para Hombre en Barra DOVE Woman Orquídea Frasco 2un x 45g;24.9
Desodorante para Hombre Body Spray AXE Blue Lavender 150ml;16.9
Crema Dental DENTO Triple Acción Ice 80g x 3un;14.5
Protector de Cama PRUDENTIAL Paquete 20un;36.9
Curitas Diseño Mariposa BALANZÉ Caja 20un;5.5
Shampoo Anti-Caída Engrosador TIO NACHO Frasco 950ml;37.9
Jabón Líquido BACTERION Bambu 2 en 1 Doypack 1L;12.9
Crema de Tratamiento Intensiva NUTRIBELA Frasco 450ml;21.9
Acondicionador NUTRIBELA Células Madre Frasco 370ml;14.9
Tratamiento Capilar SAVITAL Aminoácidos Frasco 425ml;10.9
Tinte Capilar Garnier NUTRISSE Oleos 7.35 Rubio Dorado Caoba Caja 1un;24.9
Tinte Capilar Garnier NUTRISSE Oleos 5.0 Castaño Claro Caja 1un;24.9
Protector Solar Facial NIVEA Sun Fluido Diario Invisible 50 FPS + 40ml;47.9
Pasta Dental ORAL B Kid's Mickey&Minnie Tubo 50gr/37ml;4.2
Crema Dental DENTO Sixpack Blancura Natural Tubo 80g;19.6
Pack Shampoo PANTENE Keratina Frasco 300ml + Acondicionador PANTENE Keratina Tubo 250ml;33.5
Shampoo sin sal' Cabello Seco PANTENE Keratina con Pro Vitamina B5 Frasco 300ml;19.9
Crema Dental SENSODYNE Repara & Protege Tubo 2un x 100g;46.5
Crema Dental SENSODYNE Blanqueador Extra Fresh Tubo 2un x 90g;34.9
Pack Shampoo ELVIVE Glycolic Gloss 370ml + Acondicionador ELVIVE Glycolic Gloss 370ml;37.9
Toallas Higiénicas LADYSOFT Normal Paquete 32un;9.9
Shampoo SKALA Crespinho Divino Kids Frasco 325ml PV;22.9
Acondicionador PANTENE Keratina Tubo 250ml VIV;19.9
Acondicionador ELE Glycolic Gloss Frasco 680ml;34.9
Crema de Tratamiento ELE Glycolic Frasco 300g;18.9
Crema para Peinar ELVIVE Glycolic Gloss Frasco 300ml;18.9
Acondicionador AMARÁS Raíces y Puntas Felices Frasco 475ml;17.9
Shampoo AMARÁS Raíces y Puntas Felices Frasco 700ml;23.0
Pack Shampoo Head & Shoulders Anti-Comezon Frasco 1L Paquete 2un;75.9
Shampoo Head & Shoulders Anti-Comezón Frasco 1L;41.9
Desodorante para Mujer SECRET Antitranspirante en Gel Invisible Berry Frasco 45g;16.9
Desodorante para Mujer SECRET Antitranspirante en Gel Invisible pH Balanced Lavender Frasco 45g;16.9
Pack FRUCTIS Hair Food de Sandía Shampoo 300ml + Acondicionador Frasco 300ml;42.9
Sérum Anti-Caída ELVIVE 1.5% Aminexil Frasco 102ml;29.9
Toallitas Húmedas BALANZÉ Adulto Paquete 60un;7.9
Shampoo ELVIVE Anti-Caída Aminexil Frasco 680ml;34.9
Acondicionador ELVIVE Anti-Caída Aminexil Frasco 680ml;34.9
Jabón PROTEX Nutri Protect Vitamina E Barra 3x110g;10.4
Pasta Dental Sensibilidad COLGATE Sensitive Pro Alivio Real White 50g;10.9
Pack Shampoo FRUCTIS Hair Food Coco Frasco 300ml + Acondicionador FRUCTIS Hair Food Coco Frasco 300ml;44.9
Shampoo Equilibrante PANTENE Pro-V Miracles Equilibrio Raíz y Puntas Frasco 300ml;19.9
Cabezales de Repuestos ORAL-B Precision Clean Caja 4un;59.9
Enjuague Bucal COLGATE Plax Soft Mint Frasco 250ml;11.9
Acondicionador SAVITAL con Multivitaminas y Sábila Frasco 490ml;10.9
Crema Depilatoria Piel Sensible VEET Pure Caja 100ml;33.7
Protectores Cuidado Avanzado KOTEX Indicador de Cambio Paquete 150un;19.9
Shampoo Anti Canas TIO NACHO Frasco 1L;39.9
Desenredante GELATTI Spray para Peinar Barbie Frasco 200ml;16.9
Desodorante para Hombre en Aerosol OLD SPICE Supremacy 175ml;24.5
Tinte Capilar Permanente EXCELLENCE Sin Amoníaco 4U Castaño Caja 1un;35.9
Tinte Capilar Permanente EXCELLENCE Sin Amoníaco 6U Chocolate Caja 1un;35.9
Pack FRUCTIS Shampoo Garnier Manteca de Cacao 300ml + Mascarilla Nutrición Intensiva Manteca de Cacao Frasco 350ml;44.9
Polvo Decolorante Keratina SOL ECLAIR Blíster 12g;11.3
Desodorante para Mujer en Roll On DOVE Women Tono Uniforme Frasco 50ml Paquete 2un;23.5
Desodorante para Hombre en Roll On REXONA Men V8 Frasco 50ml Paquete 2un;19.9
Cepillo Dental Niños COLGATE Agnes & Fluffy 2un;17.2
Acondicionador AMARÁS Magia Andina Frasco  475ml;17.9
Acondicionador AMARÁS Magia Andina Frasco 260ml;10.3
Shampoo AMARÁS Magia Andina Frasco 400ml;14.0
Acondicionador KONZIL Suavidad y Brillo Seda Líquida Frasco 340ml;10.9
Enjuague Bucal COLGATE Plax Odor Control x500ml;16.6
Enjuague Bucal Colgate Plax Odor Control Frasco 1L;25.0
Jabón en Barra DOVE Baby Humectación Enriquecida 75g Paquete 3un;11.9
Acondicionador Ácido Hialurónico ELVIVE Pure 680ml;34.9
Crema Tratamiento Hialurónico ELVIVE Pure Frasco 300ml;20.9
Toalla Higiénica KOTEX Ultrafina Nocturna Paquete 24un;15.1
Desodorante para Mujer Barra NIVEA Black & White Invisible Clear 54g;13.9
Mascarilla Nutrición Intensiva FRUCTIS Manteca de Cacao Frasco 350ml;24.9
Pack Shampoo HEAD & SHOULDERS 2 en 1 Suave y Manejable Frasco 850ml x 2un;69.9
Pack Shampoo HEAD & SHOULDERS Protección Caída Frasco 850ml x 2un;69.9
Pack Shampoo HEAD & SHOULDERS Limpieza Renovadora Frasco 850ml x 2un;69.9
Shampoo HEAD & SHOULDERS Protección Caída con Cafeína Control Caspa Frasco 850ml;39.9
Shampoo HEAD & SHOULDERS Limpieza Renovadora Control Caspa Frasco 850ml;39.9
Crema para Peinar 3 en 1 SKALA Mais Cachos Frasco 250g;29.9
Hilo Dental ORAL-B Expert Floss Picks Sabor a Menta Blíster 45un;17.5
Jabón en Barra PROTEX Carbón Detox 6x110g;19.9
Desodorante para Mujer en Barra NIVEA Tono Natural Extra Frasco 54g;13.9
Shampoo DOVE Fuerza y Crecimiento Frasco 400ml;15.9
Acondicionador DOVE Hidra-Liso Frasco 400ml;15.9
Acondicionador DOVE Fuerza y Crecimiento Frasco 400ml;15.9
Protector Térmico para el Cabello LANOSTERIN Lan-Thermic Frasco 250ml;19.9
Hilo Dental COLGATE Natural Extracts Carbón x25mts;13.9
Spray Antitranspirante para Hombre OLD SPICE Extreme Protect 93g Frasco 2un;26.5
Repuestos Para Afeitar GILLETTE Venus Especial Para Área Íntima 2un;33.9
Máquina de Afeitar Recargable GILLETTE Venus Especial Para Área Íntima 1un;33.9
Acondicionador HEAD & SHOULDERS Revitalización y Suavidad con Aceite de Argán Frasco 300ml;18.9
Desodorante para Hombre en Aerosol AXE Men Epic Fresh Frasco 150ml;13.9
Cepillo de Dientes Eléctrico ORAL-B Pro-Salud de pilas 1un;85.9
Jabón Líquido DOVE Baby Humectación Sensible Frasco 400ml;23.9
Máquina de Afeitar SCHICK Xtreme-3 Bolsa 8un;35.9
Shampoo AMARÁS Bendito Clima Lima Frasco 700ml;23.0
Óleo para Puntas AMARÁS Reparación Divina Frasco 60ml;18.9
Acondicionador AMARÁS Bendito Clima Lima Frasco 475ml;17.9
Acondicionador AMARÁS Reparación Divina Frasco 475ml;17.9
Pack PANTENE Bambú Shampoo 400ml + Acondicionador Frasco 400ml + Mascarilla Tratamiento Capilar PANTENE PRO-V Bambú 300ml;46.9
Shampoo KATIVA con Ácido Hialurónico, Keratina & Q10 Frasco 1L;52.9
Shampoo SEDAL Zero Caspa 2 en 1 Frasco 650ml;19.9
Shampoo MUSS KIDS Manzanilla Frasco 400ml;20.9
Crema para Peinar MUSS KIDS Manzanilla Frasco 300g;18.9
Shampoo HEAD & SHOULDERS Men con Old Spice Control Caspa Frasco 650ml;29.9
Shampoo HEAD & SHOULDERS Hidratación Aceite de Coco Control Caspa Frasco 650ml;29.9
Gel de Ducha con Avena LEA Frasco 750ml;12.9
Talco para Pies REXONA Efficient Original Frasco 200g;18.5
Desodorante para Mujer en Aerosol DOVE Tono Uniforme Rosas Frasco 150ml;12.5
Shampoo Pantene Pro-V Miracles Colágeno Nutre & Revitaliza Frasco 510ml;32.9
Shampoo Pantene Pro-V Miracles Colágeno Nutre & Revitaliza Frasco 300ml;18.9
Sellador de Puntas PANTENE Pro-V Miracles Colágeno Nutre & Revitaliza Frasco 90ml;18.9
Pasta Dental Anticaries ORAL-B 3D White Brilliant Fresh con Flúor 107ml Paquete 3un;42.9
CANTU Cleansing Cream Shampoo Frasco 400ml;47.9
Desodorante para Hombre en Aerosol REXONA Men V8 Frasco 250ml;17.9
Shampoo BALLERINA de Manzanilla Doypack 900ml;10.9
Complemento Nutricional ENSURE Advance Sabor a Vainilla Botella 220ml;11.0
Espuma de Afeitar GILLETTE Sensitive para Piel Sensible Frasco 155ml;24.9
Shampoo HEAD & SHOULDERS Limpieza Renovadora Frasco 180ml;9.9
Discos de Algodón CFK Bolsa 70un Paquete 3un;23.9
Crema de Tratamiento NUTRIBELA Células Madre Frasco 300ml;14.9
Desodorante para Hombre en Aerosol OLD SPICE Antitranspirante Adventure 93g Paquete 2un;26.5
Jabón Líquido AVAL Ritual Relajante Botella 400ml;10.7
Desodorante para Mujer en Aerosol REXONA Tono Perfecto Frasco 150ml Paquete 2un;22.9
Desodorante para Mujer en Barra LADY SPEED STICK Invisible Floral Frasco 45g Paquete 2un;24.9
Desodorante para Mujer LADY SPEED STICK Clínico Antibacterial Frasco 55g;22.5
Pack ELVIVE Ácido Hialurónico Shampoo Frasco 370ml + Acondicionador Frasco 370ml;38.9
Repuesto para Máquina de Afeitar GILLETTE Mach3 con 3 Hojas Paquete 8un;62.9
Pasta Dental DENTO Whitening Tubo 75ml Paquete 2un;14.3
Pañitos Íntimos NOSOTRAS Agua De Rosas Paquete 16un;7.0
Protectores TENA Discreet Extralargo Paquete 50un;21.9
Crema de Tratamiento ELVIVE Ácido Hialurónico Frasco 300ml;20.9
Acondicionador ELVIVE Ácido Hialurónico Frasco 680ml;33.9
Shampoo ELVIVE Ácido Hialurónico Frasco 680ml;33.9
Mascarilla Tratamiento Capilar PANTENE Pro-V Miracles Nutre, Renueva, Sella Pote 300ml;20.9
Shampoo PANTENE Rizos 2 en 1 Frasco 1L;35.9
Shampoo PANTENE Restauración Frasco 1L;35.9
Shampoo HERBAL ESSENCES Aloe & Mango Frasco 400ml;34.9
Cepillo Dental ORAL-B Indicator Paquete 3un;16.9
Shampoo HEAD & SHOULDERS Coco Frasco 1L;41.9
Cepillo de Dientes COLGATE Encías Therapy x2un;22.0
Preservativos DUREX Sensitivo Delgado Caja 12un;35.4
Preservativos DUREX Clásico Caja 12un;28.9
Crema de Peinar SAVITAL Multiéleos Frasco 275ml;11.5
Toallas Higiénicas NOSOTRAS Invisible Multiestilo Paquete 40un;15.2
Enjuague Bucal COLGATE Plax Ice Infinity 180ml;8.9
Shampoo HEAD & SHOULDERS Carbón Activado Frasco 1L;41.9
Cepillo de Dientes COLGATE 360° Antibacterial 2un;18.9
Shampoo FRUCTIS Hair Food Palta Frasco 300ml;27.9
Acondicionador PANTENE Bambú Nutre & Crece Frasco 400ml;20.9
Pañales para Adulto TENA Mujer Medium Paquete 30un;23.5
Gel de Ducha NIVEA Deep Active Clean - Frasco 250ml;17.9
Desodorante en Aerosol para Pies DEO PIES Antitranspirante Spray 260ml;28.6
Desodorante para Hombre Roll On NIVEA Deep Dark Wood Male Frasco 50ml;14.9
Desodorante para Hombre Spray NIVEA Deep Dark Wood Frasco 150ml;14.9
Gel de Baño INSTITUTO ESPAÑOL Coco Frasco 1.25L;35.5
Jabón Antibacterial REXONA Fresh Barra 84g Paquete 6un;11.9
Enjuague Bucal DENTO  Zero Menta Natural Frasco 980ml;19.9
Shampoo PANTENE Pro-V Hidratación Extrema Frasco 700ml;32.9
Pasta Dental COLGATE Total Antisarro Prevención Activa x150ml;21.3
Acondicionador Hidratación Extrema PANTENE Frasco 700ml;32.9
Ropa Interior PRUDENTIAL Pants Adulto Talla G Paquete 16un;43.0
Diarios Respirable ALWAYS Paquete 40un;9.0
Toallas Femeninas ALWAYS Nocturna Seca G Paquete 32un;20.5
Toallas Maxi Protección Seca ALWAYS M Paquete 32un;19.9
Pack PANTENE Shampoo PRO-V Restauración Frasco 400ml + Acondicionador Frasco 400ml;33.5
Desodorante para Mujer Roll On DOVE Tono Uniforme Coco Frasco 50ml;12.5
Shampoo EGO Men Fusion Frasco 400ml;14.8
Cepillo de Dientes ORAL-B Encías Detox Empaque 3un;21.5
Cepillo de Dientes ORAL-B Purification Empaque 2un;22.5
Shampoo KATIVA Keratina Frasco 1L;52.9
Gel Íntimo LEA Frasco 250ml;14.9
Desodorante para Hombre en Barra LEA Piedra de Alumbre Frasco 120g;19.9
Acondicionador TÍO NACHO Anti Caída Herbolaria Frasco 415ml;29.9
Crema para Peinar HERBAL ESSENCES Leche de Coco y Aloe Frasco 300ml;34.9
Ropa Interior Desechable PLENITUD Protect Plus P/M Paquete 24un;62.9
Crema para Peinar HERBAL ESSENCES Aceite de Argán de Marruecos y Aloe Frasco 300ml;34.9
Cera para el Cabello THE BARERÍA Volúmen y Pasta Matificante Frasco 70g;23.9
Cera para Cabello THE BARBERIA Brillo y Aspecto Húmedo Pota 70g;23.9
Cepillo de Dientes COLGATE Luminous White Lovers 2un;24.5
Talco para Pies ISANA Mentolado Frasco 240g + Frasco 60g;20.1
Enjuague Bucal LISTERINE Cuidado Total Zero Frasco 1.5L;43.5
Tampones NOSOTRAS con Aplicador Súper Sensitive Caja 8un;14.6
Desodorante para Mujer en Spray LADY SPEED STICK Clínical Frasco 45g;18.0
Pasta Dental SENSODYNE Blanqueador Extra Fresh - Tubo 90g;20.9
Crema Depilatoria DEPILÉ Bajo Ducha Tubo 200ml;42.0
Deocolonia para Hombre en Aerosol AXE Ice Chill Efecto Frío Frasco 150ml;13.9
Jabón Íntimo NOSOTRAS Frescura Extrema Frasco 200ml;15.9
Desodorante para Hombre en Aerosol AXE Ice Chill Frasco 150 ml;13.9
Pañitos Íntimos NOSOTRAS Sensitive Paquete 16un;7.7
Tinte para Cabello SOFT COLOR Sin Amoníaco 50 Castaño Claro Caja 1un;29.9
Mascarilla Tratamiento Capilar PANTENE PRO-V Restauración Frasco 300ml;20.9
Desodorante para Mujer Spray LADY SPEED STICK Derma Aclarado Frasco 2x91g;25.6
Jabón Líquido Antibacterial FROSCH Hipoalergénico Doypack 500ml;12.6
Tampones Digitales KOTEX Super Paquete 12un;9.9
Jabón Íntimo NOSOTRAS Herbal Frasco 200ml;15.9
Tampones Digitales KOTEX Medio Paquete 12un;9.9
Tinte para Cabello GARNIER Nutrisse Coloríssimos 6646 Cobrizo Rubí Caja 1un;19.9
Tinte para Cabello GARNIER Nutrisse Coloríssimos 462 Cieruela Caja 1un;19.9
Gel de Afeitar GILLETTE Extra Comfort Frasco 71g;13.9
Acondicionador ELVIVE RT5 Cica Repair Frasco 680ml;31.9
Shampoo HERBAL ESSENCES Frasco 400ml + Acondicionardor Frasco 400ml;51.9
Acondicionador TONNO Efecto Brasilero Frasco 400ml;25.9
Shampoo TONNO Efecto Brasilero Frasco 400ml;25.9
Desodorante para Mujer en Roll On LEA Invisible Frasco 50ml;7.9
Shampoo THE BARBERIA 4 en 1 Force Energy 300ml;17.9
Toallas Húmedas para Adultos TENA Clásicas Paquete 60un;15.0
Gel de Ducha PALMOLIVE Natureza Secreta Pitahaya 390ml;15.9
Gel EGO Extreme Max Frasco 500g;14.8
Desodorante Aerosol para Pies DEO PIES Clinical Frasco 260ml;28.6
Shampoo HEAD & SHOULDERS Carbón Activado Frasco 375ml;18.9
Desodorante para Mujer Spray NIVEA Invisible B&W Toque de Seda Frasco 150ml;14.9
Talco para Pies ISANA Triple Acción Frasco 60g;7.6
Mascarilla Nutritiva  FRUCTIS Hair Food de Palta Frasco 350ml;24.9
Máquina para Afeitar GILLETE Prestobarba 3 SenseCare Descartable Paquete 4un;30.9
Toallas Higiénicas TENA Discreet Maxi Paquete 30un;31.9
Tinte para Cabello EXCELLENCE Creme 6 Rubio Oscuro Chocolate Caja 1un;27.9
Hisopos BOREAL Clásicos Empaque 100un;4.5
Bandas Depilatorias Faciales DEPILÉ Manzanilla Paquete 6un;15.6
Crema Depilatoria Facial DEPILÉ Manzanilla y Vitamina Frasco 50ml;18.5
Desodorante para Hombre Spray NIVEA B&W Fresh Male Frasco 150ml;14.9
Shampoo SEDAL Keratina Frasco 1L;29.9
Desodorante para Mujer en Aerosol REXONA Aclarado Perfecto Frasco 150ml;12.9
Acondicionador TÍO NACHO Anti Caída Herbolaria Frasco 415ml;29.9
Crema para Peinar HERBAL ESSENCES Leche de Coco y Aloe Frasco 300ml;34.9
Ropa Interior Desechable PLENITUD Protect Plus P/M Paquete 24un;62.9
Crema para Peinar HERBAL ESSENCES Aceite de Argán de Marruecos y Aloe Frasco 300ml;34.9
Cera para el Cabello THE BARERÍA Volúmen y Pasta Matificante Frasco 70g;23.9
Cera para Cabello THE BARBERIA Brillo y Aspecto Húmedo Pota 70g;23.9
Cepillo de Dientes COLGATE Luminous White Lovers 2un;24.5
Talco para Pies ISANA Mentolado Frasco 240g + Frasco 60g;20.1
Enjuague Bucal LISTERINE Cuidado Total Zero Frasco 1.5L;43.5
Tampones NOSOTRAS con Aplicador Súper Sensitive Caja 8un;14.6
Desodorante para Mujer en Spray LADY SPEED STICK Clínical Frasco 45g;18.0
Pasta Dental SENSODYNE Blanqueador Extra Fresh - Tubo 90g;20.9
Crema Depilatoria DEPILÉ Bajo Ducha Tubo 200ml;42.0
Deocolonia para Hombre en Aerosol AXE Ice Chill Efecto Frío Frasco 150ml;13.9
Jabón Íntimo NOSOTRAS Frescura Extrema Frasco 200ml;15.9
Desodorante para Hombre en Aerosol AXE Ice Chill Frasco 150 ml;13.9
Pañitos Íntimos NOSOTRAS Sensitive Paquete 16un;7.7
Tinte para Cabello SOFT COLOR Sin Amoníaco 50 Castaño Claro Caja 1un;29.9
Mascarilla Tratamiento Capilar PANTENE PRO-V Restauración Frasco 300ml;20.9
Desodorante para Mujer Spray LADY SPEED STICK Derma Aclarado Frasco 2x91g;25.6
Jabón Líquido Antibacterial FROSCH Hipoalergénico Doypack 500ml;12.6
Tampones Digitales KOTEX Super Paquete 12un;9.9
Jabón Íntimo NOSOTRAS Herbal Frasco 200ml;15.9
Tampones Digitales KOTEX Medio Paquete 12un;9.9
Tinte para Cabello GARNIER Nutrisse Coloríssimos 6646 Cobrizo Rubí Caja 1un;19.9
Tinte para Cabello GARNIER Nutrisse Coloríssimos 462 Cieruela Caja 1un;19.9
Gel de Afeitar GILLETTE Extra Comfort Frasco 71g;13.9
Acondicionador ELVIVE RT5 Cica Repair Frasco 680ml;31.9
Shampoo HERBAL ESSENCES Frasco 400ml + Acondicionardor Frasco 400ml;51.9
Acondicionador TONNO Efecto Brasilero Frasco 400ml;25.9
Shampoo TONNO Efecto Brasilero Frasco 400ml;25.9
Desodorante para Mujer en Roll On LEA Invisible Frasco 50ml;7.9
Shampoo THE BARBERIA 4 en 1 Force Energy 300ml;17.9
Toallas Húmedas para Adultos TENA Clásicas Paquete 60un;15.0
Gel de Ducha PALMOLIVE Natureza Secreta Pitahaya 390ml;15.9
Gel EGO Extreme Max Frasco 500g;14.8
Desodorante Aerosol para Pies DEO PIES Clinical Frasco 260ml;28.6
Shampoo HEAD & SHOULDERS Carbón Activado Frasco 375ml;18.9
Desodorante para Mujer Spray NIVEA Invisible B&W Toque de Seda Frasco 150ml;14.9
Talco para Pies ISANA Triple Acción Frasco 60g;7.6
Mascarilla Nutritiva  FRUCTIS Hair Food de Palta Frasco 350ml;24.9
Máquina para Afeitar GILLETE Prestobarba 3 SenseCare Descartable Paquete 4un;30.9
Toallas Higiénicas TENA Discreet Maxi Paquete 30un;31.9
Tinte para Cabello EXCELLENCE Creme 6 Rubio Oscuro Chocolate Caja 1un;27.9
Hisopos BOREAL Clásicos Empaque 100un;4.5
Bandas Depilatorias Faciales DEPILÉ Manzanilla Paquete 6un;15.6
Crema Depilatoria Facial DEPILÉ Manzanilla y Vitamina Frasco 50ml;18.5
Desodorante para Hombre Spray NIVEA B&W Fresh Male Frasco 150ml;14.9
Shampoo SEDAL Keratina Frasco 1L;29.9
Desodorante para Mujer en Aerosol REXONA Aclarado Perfecto Frasco 150ml;12.9
Jabón en Barra ASEPXIA Exfoliante Paquete 100g;11.9
Cepillo Dental COLGATE Twister Medio x 3un;16.9
Enjuague Bucal DENTO Menta Natural Frasco 500ml;12.9
Cepillo de Dientes ORAL-B 7 Beneficios Empaque 2un;23.5
Máquina de Afeitar Gillette Mujer VENUS Breeze Paquete 1un;28.9
Repuesto de Máquina de Afeitar GILLETTE Mach 3 Sensitive Paquete 4un;43.9
Pasta Dental SENSODYNE Blanqueador Repara y Protege Tubo 100g;26.5
Enjuague bucal LISTERINE Cuidado total menta fresca Botella 500Ml;21.5
Repuesto para Máquina de Afeitar GILLETTE Mach 3 Caja 2un;24.9
Jabón de Tocador NIVEA Proteína de Leche - Barra 85g Pack 3un;12.9
Desodorante para Mujer Spray NIVEA Peral & Beauty Frasco 150ml;14.9
Desodorante para Hombre en Barra REXONA V8 Frasco 50g;11.9
Desodorante para Mujer en Barra LADY SPEED STICK Pro5 Frasco 45g;14.5
Desodorante en Crema Unisex ETIQUET Clásica Tubo 75g + Jabón de Tocador Barra 90g;17.7
Gel de Ducha NIVEA Waterlily & Oil - Frasco 250ml;17.9
Esponja de baño BOREAL Exfoliante Celulosa Bolsa 1un;8.2
Algodón CKF Hidrofilado Bolsa 50Gr;4.1
Desodorante para Hombre en Barra REXONA Clinical Frasco 48g;24.9
Jabón de Glicerina BOREAL Aloe Vera Barra 100g;2.7
Jabón Líquido BALLERINA Natural Avena Botella 350ml;8.0
Escobilla de Baño BOREAL Mango de Madera Paquete 1un;11.9
Jabón de Glicerina BOREAL Baby Barra 100g;2.7
Desodorante para Hombre en Barra REXONA Xtra Cool Men 50g;11.9
Desodorante para Mujer en Barra REXONA Active Emotion Frasco 50g;11.9
Jabón de Tocador HENO DE PRAVIA Antibacterial Paquete 3un;21.1
Colonia para Mujer HENO DE PRAVIA Original Botella 250ml;13.9
Desodorante para Hombre en Gel GILLETTE Power Beads Power Rush Frasco 82g;20.9
Gel de Ducha INSTITUTO ESPAÑOL Avena Natural Frasco 750ml;25.8
Esponja de Baño PONJITA Baño Diario  Paquete 1un;7.5
Spray de Pies ISANA Triple Acción Frasco 150ml;19.1
Protector para Cama PLENITUD Incontinencia Leve Paquete 10un;30.1
Protectores Diarios NOSOTRAS Multiestilo Paquete 15un;3.9
Toalla Multiuso Practipañal Desechable PLENITUD Paquete 20un;10.9
Tinte para Cabello CASTING Creme Gloss 400 Castaño Natural Caja 1un;30.9
Shampoo SEDAL Ceramidas Frasco 650ml;19.9
Tampones NOSOTRAS Regular Con Aplicador Paquete 8un;14.6
Protector Diario ALWAYS con Perfume Paquete 40un;9.0
Tampones NOSOTRAS Súper Con Aplicador Paquete 8un;14.6
Protectores Diarios NOSOTRAS Normal Caja 120un;13.9
Crema para peinar L'ORÉAL ELVIVE Reparación total Frasco 300Ml;22.5
Tinte para Cabello GARNIER Nutrisse 71 Almendra Caja 1un;19.9
Tinte para Cabello GARNIER Nutrisse 40 Moca Caja 1un;19.9
Enjuague Bucal LISTERINE Cool Mint Botella 180ml;9.9
Tinte para Cabello GARNIER Nutrisse 52 Chocolatissimo Caja 1un;19.9
Tinte para Cabello GARNIER Nutrisse 70 Champaña Caja 1un;19.9
Protector Diario KOTEX Normal Caja 180un;18.9
Alimento Nutricional PEDIASURE Chocolate Botella 220ml;10.5
Desodorante en Aerosol para Hombre OLD SPICE Legacy Frasco 112g;24.5
Crema para Peinar ELVIVE Dream Liso Botella 300ml;19.9
Enjuague Bucal THERA BREATH Wild Mint sin Alcohol Frasco 473ml;47.9
Desodorante para Mujer en Aerosol DOVE Tono Uniforme Rosas Frasco 300ml;26.5
Jabón Líquido Corporal BALANZÉ Avena Miel Frasco 700ml;9.9
Toallas Maxi Protección Seca ALWAYS M Paquete 10un;9.7
Serúm SEDAL Luminous UV Frasco 110ml;18.9
Mascarilla Tratamiento Capilar SEDAL Ceramidas Pote 300g;10.9
Crema Dental SENSODYNE Protección Completa 90g Caja 2un;35.9
Esponja de Baño Anatómica PONJITA + Esponja Facial Gratis Bolsa 1un;14.9
Jabón PALMOLIVE Mandarina Paquete 6x110g;18.5
Antitranspirante para Pies HANSAPLAST Foot Expert Silver Active Frasco 150ml;24.9
Shampoo HERBAL ESSENCES White Grapefruit 400ml;34.9
Maquina de Afeitar SCHICK Quattro You Rainbow Paquete 3un;23.9
Toallas Higiénicas NOSOTRAS Buenas Noches Invisible Paquete 10un;10.9
Jabón Íntimo BACTERION Ph Neutro Frasco 85ml;9.9
Jabón Íntimo BACTERION Manzanilla y Caléndula Frasco 85ml;9.9
Pack FRUCTIS Shampoo Piña 300ml + Acondicionador Piña 300ml + Crema Tratamiento Capilar Piña 350ml;55.5
Desodorante para Hombre en Aerosol OLD SPICE Dragonblast Frasco 96g;15.5
Desodorante en Gel SECRET Vainilla Frasco 45g;16.9
Desodorante en Aerosol SECRET Vainilla Frasco 93g;15.9
Shampoo FRUCTIS Piña Frasco 300ml;27.9
Acondicionador FRUCTIS Piña Frasco 300ml;27.9
Desodorante para Hombre en Aereosol OLD SPICE Dinasty Frasco 175ml;24.5
Gel Máxima Fijación THE BARBERIA Frasco 500ml;22.9
Pack Alimento Nutricional PEDIASURE Sabor a Vainilla Lata 1.6Kg x2un;349.0
Protectores Diarios ALWAYS Protect Sin Perfume Paquete 120un;23.5
Crema Dental ORAL-B 100% Caja 1un x 95ml;16.5
Alimento Nutricional PEDIASURE Vainilla Botella 220ml;10.5
Acondicionador Kativa Keratina Frasco 355ml;26.9
Pack HERBAL ESSENCES Champú Aceite Argán Frasco 400ml + Acondicionador + Mascarilla Aceite Argán y Aloe Frasco 300ml + Tratamiento Capilar;91.9
Alimento Nutricional PEDIASURE Vainilla Lata 850g;114.5
Crema para Peinar SKALA Divino Potinho Kids 2 en 1 Frasco 250g;29.9
Desodorante en Aerosol DOVE Woman Original Frasco 2un x 150ml;24.9
Pañal de Incontinencia PRUDENTIAL Confort Total Talla M Paquete 20un;42.9
Pañal de Incontinencia PRUDENTIAL Confort Total Talla G Paquete 20un;44.9
Desodorante para Hombre Body Spray AXE Aqua Citrus 150ml;16.9
Pack Shampoo ELVIVE Anti-Caída Aminexil Frasco 370ml x 3un;53.7
Parche Térmico NOSOTRAS Calma-V Paquete 3un;9.9
Desodorante para Hombre Stick OLD SPICE Leña 85g;21.5
Desodorante para Hombre Spray OLD SPICE Leña 129g;17.9
Acondicionador Capilar KATIVA Argán Frasco 60ml;18.9
Colonia Mujer HENO DE PRAVIA Original Frasco 750ml;35.5
Jabón NEKO Antibacterial Fresh 3un x110g;10.9
Gel Máxima Fijación THE BARBERIA Frasco 100ml;7.5
Máscara Capilar SEDAL Tratamiento Colágeno y Vitamina C Pote 300g;11.5
Desodorante para Mujer en Barra REXONA Bamboo & Aloe Vera 50gr;11.9
Desodorante para Hombre en Aereosol SPEED STICK Carbon Absorb Spray 91g Frasco 2un;25.6
Curitas Diseño Perritos BALANZÉ Caja 20un;5.5
Shampoo Anti-Caída Herbolaria Milenaria TIO NACHO Frasco 950ml;37.9
Shampoo Anti-Canas Henna TIO NACHO Frasco 950ml;37.9
Crema de Tratamiento NUTRIBELA Hialurónico Frasco 450ml;21.9
Shampoo HEAD & SHOULDERS Suave y Manejable 2 en 1 Frasco 250ml;13.5
Banda Depilatoria Facial VEET Pure Piel Sensible Caja 16un;24.2
Banda Depilatoria Axilas y Bikini VEET Pure Piel Sensible Caja 16un;37.6
Banda Depilatoria Corporal VEET Pure Piel Sensible Caja 12un;42.7
Shampoo NUTRIBELA Hialurónico Frasco 400ml;13.9
Tratamiento Capilar Complejo SAVITAL Hialurónico Frasco 425ml;10.9
Tinte Capilar Garnier NUTRISSE Oleos 1.0 Negro Caja 1un;24.9
Tinte Capilar Garnier NUTRISSE Oleos 8.12 Rubio Claro Cenizo Nacarado Caja 1un;24.9
Máquina de Afeitar GILLETTE Prestobarba 3 Descartable Paquete 2un;18.9
Suplemento CENTRUM Multivitáminico Adulto 30un;43.1
Jabón de Tocador NIVEA Avena Barra 125g Pack 6un;25.9
Crema para Peinar SAVITAL Aminoácidos 275ml;10.9
Desodorante Antitranspirante para Mujer en Barra Stick DOVE Caléndula Frasco 45g;13.9
Desodorante para Mujer Antitranspirante Aerosol DOVE Orquídeas Frasco 150ml;12.5
Desodorante para Hombre en Barra AXE Dark Temptation Frasco 45g;11.9
Toallas Higiénicas NOSOTRAS Larga Extra Suave Paquete 8un;5.3
Acondicionador AMARAS Raíces y Puntas Felices Frasco 260ml;10.3
Pañal Nocturno PLENITUD Incontinencia Intensa Talla G/XG Paquete 8un;25.9
Gel de Baño PALMOLIVE Smith Berry Frasco 390ml;17.9
Desodorante para Hombre en Barra SPEED STICK Carbon Absorb Frasco 50g;14.5
Shampoo Kativa Argan Oil Frasco 355ml;26.9
Desodorante para Mujer SECRET Antitranspirante en Gel Invisible Powder Protect Cotton Frasco 45g;16.9
Desodorante para Mujer SECRET Antitranspirante en Barra invisible Powder Protect Cotton Frasco 45g;15.5
Desodorante para Mujer SECRET Spray Antitranspirante pH Balanced Lavander Frasco 93g;15.5
Pack Tratamiento Capilar HERBAL ESSENCES Bio:Renew Pequi & Aguacate Shampoo 400ml + Acondicionador 250ml + Nourishing Mask 300ml;71.9
Shampoo HERBAL ESSENCES Bio:Renew Pequi & Aguacate Nutre e Hidrata Frasco 400ml;34.9
Toallas Higiénicas KOTEX Sport Mega Pack 24un;13.3
Crema para Peinar Elvive Anti-Caída Aminexil Frasco 300ml;18.5
Crema Tratamiento Caída ELVIVE Aminexil + Cafeína Pote 300ml;18.5
Pack ELVIVE Shampoo Anti-Caída Aminexil Frasco 370ml + Acondicionador Anti-Caída Aminexil Frasco 370m;38.9
Shampoo H&S Protección Caída Pack 375 + 180ml;26.5
Gel MOCO DE GORILA Punk Frasco 340g;15.9
Crema para Peinar Ondas AMARAS Diosa Rulosa Frasco 300ml;15.9
Pack PANTENE Shampoo Pro-V Miracles Equilibrio Raíz y Puntas Frasco 300ml + Acondicionador Hidratante 250ml;33.5
Pack FRUCTIS Shampoo Hair Food de Sandía Frasco 300ml + Acondicionador Frasco 300ml + Crema de Tratamiento 300ml;59.9
Pack Shampoo Ácido Hialurónico ELVIVE Pure Frasco 680ml + Acondicionador Ácido Hialurónico ELVIVE Pure 680ml;59.9
Pack Toallas Higiénicas ALWAYS Noches Tranquilas Suave Talla XG Paquete 26un x 3un;42.9
Pasta Dental Blanqueadora COLGATE Luminous White Glow 70g;21.9
Acondicionador DOVE Reconstrucción Completa Frasco 370ml;15.9
Shampoo DOVE Reconstrución Completa Superior Frasco 370ml;15.9
Pack Toallas Higiénicas ALWAYS Noches Tranquilas Suave Talla XG Paquete 26 x 2un;29.9
Enjuague Bucal COLGATE Luminous White Carbón x500ml;21.9
Ampolla Bbtox-Reparación Intensa PLACENTA LIFE Frasco 10ml x 3un;35.9
Cabezales De Repuesto Spider-Man ORAL-B Marvel Para Cepillo Dental Eléctrico 2un;39.9
Shampoo SAVITAL MultiVitaminas y Sábila Frasco 510ml;10.9
Gel de Ducha PALMOLIVE Luminous Oils Macadamia 760ml;23.5
Desodorante para Hombre en Aerosol REXONA Clinical Men Clean Frasco 150ml;19.9
Ropa Interior Incontinencia Fuerte TENA Pants Nocturno Talla L Paquete 8un;30.9
Ropa Interior Incontinencia Fuerte TENA Pants Nocturno Talla M Paquete 8un;30.9
Toalla Higiénica TENA Discreet Maxi Night Paquete 30un;34.9
Desodorante para Mujer en Roll On REXONA Women Bamboo Frasco 50ml;11.9
Máscara de Tratamiento 2 en 1 SKALA Expert Divino Potinho Kids Pote 1000g;39.9
Máscara de Tratamiento 2 en 1 SKALA Expert Babosa Aloe Vera Pote 1000g;39.9
Tinte PALETTE COLOR CREAM 10-1 Rubio Plata Cenizo Caja 170ml;20.9
Repuesto para Máquina de Afeitar GILLETTE Mach3 Carbono con 3 Hojas, 2un;26.9
Máquina de Afeitar GILLETTE Mach3 Carbono con Carbón Activado y 3 Hojas, 1un;26.9
Tinte Capilar Permanente EXCELLENCE Sin Amoníaco 9U Rubio Claro Cenizo Caja 1un;35.9
Tinte Capilar Permanente EXCELLENCE Sin Amoníaco 7U Rubio Caja 1un;35.9
Tinte Capilar Permanente EXCELLENCE Sin Amoníaco 3U Castaño Oscuro Caja 1un;35.9
Gel Fijador sin Alcohol ROLDA Black Pote 500g;25.6
Shampoo KONZIL Suavidad y Brillo Seda Líquida Frasco 340ml;10.9
Shampoo KONZIL Reparación Profunda Colágeno Frasco 340ml;10.9
Acondicionador KONZIL Ultra Reparación Restauración Frasco 340ml;10.9
Shampoo KONZIL Ultra Reparación Restauración Frasco 340ml;10.9
Crema Dental SENSODYNE Proteccion Completa Dientes Sensibles Caja 90g;20.9
Desodorante para Mujer LADY SPEED STICK Hair Minimizer Tubo 60g;11.0
Perfilador de Cejas SCHICK Perfect Finish Paquete 3un;13.5
Shampoo ELVIVE con Ácido Hialurónico Frasco 1000ml;40.9
Cepillo Dental COLGATE Slim Soft Carbón x 2un;22.9
Pack HERBAL ESSENCES Acondicionador Argan Oil 400ml + Shampoo Aceite de Argán 400ml + Tratamiento Capilar Argan Oil 300ml;71.9
Pack HERBAL ESSENCES Shampoo Leche de Coco 400ml + Acondicionador 400ml + Tratamiento Capilar 300ml;71.9
Pasta Dental COLGATE Total Carbón Prevención Activa 150ml;21.3
Tratamiento para el Cabello KATIVA Coconut Frasco 300ml;29.9
Tratamiento para el Cabello KATIVA Argan Oil Frasco 300ml;24.9
Crema de Afeitar GILLETTE para Hombres con Aloe, Ideal para Cara y Cuerpo Frasco 150ml;21.9
Gel Líquido Vegano SKALA Mais Cachos Frasco 250g;34.9
Máscara de Tratamiento 2 en 1 SKALA Divino Potao Pote 1000g;39.9
Pack Shampoo y Acondicionador PANTENE Pro-V Miracles Colágeno Nutre y Revitaliza 300ml + 250ml;34.9
Acondicionador Anti-Frizz LANOSTERIN Frasco 250ml;22.9
Activador de Rizos LANOSTERIN Lan Wave Frasco 250ml;19.9
Shampoo + Body Wash MUSS KIDS Frasco 400ml;20.9
Spray Desenredante MUSS KIDS Frasco 150ml;19.9
Cabezales de repuesto ORAL-B Disney Princess 2 Unidades;39.9
Cabezales de Repuesto ORAL-B Pro Series Advanced Clean para Cepillo de Dientes Eléctrico Blíster 2un;39.9
Cepillo Eléctrico Recargable ORAL-B Vitality 100 1un;119.9
Jabón Líquido DOVE Baby Humectación Enriquecida Frasco 400ml;23.9
Crema para Peinar AMARÁS Diosa Rulosa Frasco 300ml;15.9
Acondicionador AMARÁS Diosa Rulosa Frasco 260ml;10.3
Acondicionador AMARÁS Bendito Clima de Lima Frasco 260ml;10.3
Pack Tratamiento Capilar PANTENE Shampoo Colágeno 300ml + Acondicionador 250ml + Serum Sellador de Puntas 90ml;46.9
Protector COTIDIAN Lady Largo Paquete 26un;11.9
Tratamiento Intensivo KATIVA Hialurónico Keratina & Q10 Frasco 300ml;29.9
Talco para Pies REXONA Efficient Original Frasco 100g;11.9
Shampoo HEAD & SHOULDERS Limpieza Renovadora Control Caspa Frasco 650ml;29.9
Shampoo HEAD & SHOULDERS Dermo Sensitive Extractos De Sábila y Aloe Frasco 650ml;29.9
Shampoo HEAD & SHOULDERS 2 en 1 Suave y Manejable Control Caspa Frasco 650ml;29.9
Gel de Ducha con Aloe Vera LEA Frasco 750ml;12.9
Shampoo HAPPY ANNE Blue Plex Frasco 340ml;16.9
Gel EGO For Men Ultra Intense Frasco 110ml;5.9
Enjuague Bucal COLGATE Plax Ice Glacial 500ml;17.9
Crema para Peinar Pantene Pro-V Colágeno Nutre & Revitaliza Frasco 300ml;18.9
Acondicionador PANTENE Pro-V Miracles Colágeno Nutre & Revitaliza Frasco 250ml;18.9
Shampoo TIO NACHO Purificación Frasco 1L;39.9
Acondicionador CANTU Hydrating Frasco 400ml;47.9
CANTU Moisturizing Curl Activador Frasco 355ml;61.9
Pack Shampoo ELVIVE Ácido Hialurónico Frasco 680ml + Acondicionador ELVIVE Ácido Hialurónico Frasco 370ml;47.9
Caja Curitas Transpiel Surtidas 20un;9.9
Shampoo SUMAQ Uña de Gato Frasco 500ml;32.9
Shampoo BALLERINA Sin Sal Palta y Almendras Frasco 410ml;9.5
Shampoo TIO NACHO Purificación Frasco 415ml;29.9
Acondicionador BALLERINA Sin Sal Palta y Almendra Frasco 410ml;9.5
Protectores Diarios NOSOTRAS V-Confident Largo Paquete 48un;17.3
Pasta Dental Blanqueadora COLGATE Luminous White Lovers Café x70g;20.5
Tinte para Cabello LUMINANCE Duotubo 6.66 Marrón Rojizo Caja 1un;31.3
Tratamiento Capilar HERBAL ESSENCES Coconut & Aloe Frasco 100ml;34.9
Acondicionador HERBAL ESSENCES Coconut Milk Frasco 245ml;20.9
Shampoo HEAD & SHOULDERS Dermo Sensitive Frasco 375ml;18.9
Pasta Dental Anticaries ORAL-B 3D White Glamorous con Flúor Tubo 67ml (90g);13.2
Pasta Dental Anticaries ORAL-B Extra Blancura con Bicarbonato Con Flúor Tubo 150ml;19.5
Pasta Dental SENSODYNE Sensibilidad & Encías - Tubo 100g;24.5
"Calzón Nocturno NOSOTRAS ""L-XL"" Buenas Noches Paquete 3un";20.6
"Calzón Nocturno NOSOTRAS ""M"" Buenas Noches Paquete 3un";20.6
Acondicionador FRUCTIS Hair Food de Sandía Frasco 300ml;27.9
Espuma de Afeitar SCHICK Xtreme Men Frasco 300ml;28.5
Cera Depilatoria DEPILÉ Microondas Calendula y Vainilla Caja 200g;44.7
Cepillo de Dientes ORAL-B Advanced Radiant Blíster 2un;21.9
Crema para Peinar ELVIVE Ácido Hialurónico Frasco 300ml;22.5
Acondicionador SEDAL Hialurónico y Vitamina A Frasco 340ml;10.9
Cepillo Dental ORAL-B Advanced 7 Beneficios Paquete 2un;22.5
Shampoo H&S Crece Fuerte desde la Raíz Frasco 375ml;18.9
Toallitas Íntimas BALANZÉ Paquete 20un;4.5
Aceite Reconstructor KATIVA Coconut Frasco 60ml;18.9
Cepillo de Dientes COLGATE Encías Comfort x3un;20.9
Tinte para Cabello EXCELLENCE Mujer 6.17 Rubio Oscuro Cenizo Mate Caja 1un;27.9
Gel Lubricante Íntimo LOVE SENSITIVE Soluble en Agua Tubo 120g;18.79
Gel Invisible Antitranspirante para Hombre GILLETTE Specialized Cool Wave 82g Frasco 2un;34.9
Acondicionador FRUCTIS Hair Food Palta Frasco 300ml;27.9
Shampoo FRUCTIS Hair Food Coco Frasco 300ml;27.9
Mascarilla Tratamiento Capilar PANTENE PRO-V Bambú Frasco 300ml;20.9
Pañales para Adulto PLENITUD Classic G/XG Paquete 20un;49.9
Pañales para Adulto PLENITUD Classic M Paquete 20un;49.9
Crema Dental DENTO Tripack Herbal Tubo 90g;9.9
Figuras de Colección Pixar Onward Mini Surtido (Modelos Aleatorios);34.9
Mascarilla HERBAL ESSENCES Aceite de Argán y Aloe Frasco 300ml;34.9
Jabón Líquido ASEPXIA Carbón Detox Frasco 200ml;25.9
Cepillo de Dientes ORAL-B Stages 1un;13.0
Toallas Posparto MATERNITY Maxi Únicas Paquete 10un;5.3
Tinte para Cabello LIFE FOR MEN 03 Castaño Oscuro;34.9
Agua de Azahar ALKOFARMA Frasco 500ml;3.7
Shampoo EGO Men Force Frasco 400ml;14.8
Tratamiento KONZIL Aceite de Argán Frasco 75ml;32.0
Acondicionador KATIVA Coconut Frasco 1L;52.9
Shampoo KATIVA Aceite de Argán Frasco 1L;52.9
Desodorante para Hombre en Aerosol LEA Men Invisible Frasco 150 ml;10.2
Aceite de Tratamiento TONNO Óleo Reparador Argán Frasco 50ml;23.5
Acondicionador HERBAL ESSENCES Chamomile Frasco 400ml;34.9
Jabón para Acné ACNOMEL Barra 100g;8.0
Loción de Hamamelis YOBEL Tónica / Astringente Botella 180ml;7.6
Cera para Cabello THE BARBERIA Volumen y Aspecto Húmedo Pota 70g;23.9
Oxigenta IGORA 30 Vol Frasco 50ml;4.8
Mascarilla Hidratante FRUCTIS Hair Food Aloe Vera Frasco 350ml;24.9
Preservativos DUREX Real Feel Caja 3un;13.7
Colonia para Mujer DROWA Frasco 1L + Frasco 60ml;41.4
Tinte para Cabello SOFT COLOR Sin Amoníaco 71 Rubio Cenizo Caja 1un;29.9
Tinte para Cabello SOFT COLOR Sin Amoníaco 40 Castaño Medio Caja 1un;29.9
Tinte para Cabello SOFT COLOR Sin Amoníaco 60 Rubio Oscuro Caja 1un;29.9
Desodorante para Hombre Spray SPEED STICK Xtreme Ultra Frasco 2x91g;25.6
Tinte para Cabello GARNIER Nutrisse 110 Negro Magnético Caja 1un;19.9
Shampoo ELVIVE Color Vive Frasco 680ml;31.9
Shampoo ELVIVE RT5 Cica Repair Frasco 680ml;31.9
Máquina de Afeitar GILLETTE Prestobarba 3 Paquete 3un;20.9
Máquina de Afeitar SCHICK Quattro For Women Sensitive Paquete 3un;21.9
Desodorante para Hombre Roll On NIVEA Sensitive Protect Male Frasco 50ml;14.9
Desodorante para Hombre en Roll On LEA Extra Dry Frasco 50ml;7.9
Loción Capilar KATIVA Argán 4 Oils Frasco 120ml;25.9
Máquina de Afeitar GILLETTE Prestobarba 3 Descartable Paquete 8un;44.9
Gel de Afeitar THE BARBERIA Aloe Vera y Cúrcuma Tubo 150ml;17.9
Máquina de Afeitar LEA Mujer Premium 3 Paquete 4un;15.5
Retocador de Raíces SCHWARZKOPF Negro Frasco 120ml;32.9
Tinte para Cabello EXCELLENCE Extra Profundo 6660 Rojos Feline Caja 1un;27.9
Repuesto Máquina Afeitar Gillette VENUS Spa 2un;28.9
Gel MOCO DE GORILA Punk Frasco 270g;14.9
Enjuague Bucal LISTERINE Zero Menta Suave Control Cálculo y Sarro Frasco 500ml;21.5
Pañitos Íntimos NOSOTRAS Frescura Extrema Paquete 16un;7.7
Bandas Depilatorias Corporales DEPILÉ Caléndula y Pepita de Uva Piel Sensible Paquete 6un;23.5
Enjuague Bucal COLGATE Plax Niños Minions 250ml;11.6
Perfume para Hombre ANTONIO BANDERAS Diavolo Frasco 100ml;40.9
Shampoo DOVE Óleo Nutrición Frasco 750ml;29.9
Tinte para Cabello EXCELLENCE Creme 5 Castaño Claro Caja 1un;27.9
Desodorante para Hombre en Gel Antitranspirante SPEED STICK Frasco 85g;18.9
Cepillo Dental SENSODYNE Limpieza Profunda - Paquete 1 un;15.8
Acondicionador HERBAL ESSENCES Rosemary & Herbs Frasco 400ml;34.9
Tinte PALETTE PERFECT GLOSS 500 Moca Cremoso Caja 115ml;20.9
Toallas Higiénicas NOSOTRAS Invisible Desodorante Paquete 10un;6.2
Cepillo de Dientes COLGATE 360 Advance Total x 2un;24.5
Retocador de Canas MAGIC RETOUCH Castaño Frasco 1un;30.9
Desodorante para Mujer en Spray LADY SPEED STICK Pro5 Frasco 91g;11.9
Shampoo FRUCTIS Crece Fuerte Dry Frasco 350ml;13.9
Desodorante para Mujer en Aerosol REXONA Antibacterial Invisible Frasco 150ml;12.9
Enjuague Bucal LISTERINE Anticaries Zero Frasco 180ml;12.9
Enjuague bucal LISTERINE Anticaries Zero alcohol Botella 1.5L;43.5
Desodorante para Mujer en Aerosol DOVE Tono Uniforme Caléndula Frasco 150ml;12.5
Máquina de Afeitar SCHICK Intuition Pure Nour Paquete 1un;28.9
Acondicionador PANTENE 3 Minute Miracle Hidratación Extrema Tubo 170ml;20.9
Repuesto para Máquina de Afeitar GILLETTE Fusion Proshield Caja 2un;39.9
Espuma de Afeitar LEA Piel Sensible Frasco 100ml;9.9
Gel de Afeitar LEA Piel Sensible Frasco 75ml;9.9
Gel de Afeitar LEA Piel Sensible Frasco 200ml;19.9
Tinte para Cabello GARNIER Nutrisse Ultra Cobertura 50 Castaño Claro Profundo Caja 1Un;19.9
Crema para Peinar SEDAL Keratina Frasco 300ml;10.9
Desodorante para Hombre en Barra DOVE Clean Comfort Frasco 50g;13.9
Tinte para Cabello L'ORÉAL Excellence 9.1 Rubio Claro Cenizo Caja 1un;27.9
Tinte para Cabello EXCELLENCE Creme 6.11 Rubio Oscuro Cenizo Caja 1un;27.9
Tinte para Cabello L'ORÉAL Excellence 4 Castaño Caja 1un;27.9
Tinte para Cabello EXCELLENCE Creme 7.1 Rubio Cenizo Caja 1un;27.9
Tinte para Cabello EXCELLENCE Creme 7 Rubio Caja 1un;27.9
Pañales para Adultos PLENITUD Protect G/XG Paquete 20un;62.9
Pasta Dental ORAL B 3D White Perfection Crystal Mint Tubo 75ml;19.9
Desodorante para Mujer en Roll On DOVE Invisible Dry Frasco 50ml;12.3
Jabón Líquido BALLERINA Crema Humectante Frasco 350ml;8.0
Deocolonia para Hombre en Aerosol AXE Dark Temptation Frasco 150ml;13.9
BALANZÉ Curitas Caja 100un;5.5
Ampolla PLACENTA LIFE Control Caída Paquete 4un;20.9
Ampolla PLACENTA LIFE Hidro Nutritivo Paquete 3un;34.9
Cepillo de Dientes Colgate 360° Luminous White Medio 2un;22.9
Repuesto Máquina Afeitar GILLETTE Mach3 Empaque 3un;31.9
Bálsamo After shave NIVEA Men Protect & Care - Frasco 100ml;44.5
Espuma de Afeitar GILLETTE Foamy Mentol Frasco 312g;38.9
Máquina de Afeitar GILLETTE Prestobarba3 Sport con 3 Hojas Paquete 2un;18.9
Máquina de Afeitar SCHICK Xtreme 3 Piel Sensible Paquete 4un;22.9
Loción BRUT After Shave Classic Frasco 100ml;38.5
Pasta Dental SENSODYNE Rápido Alivio Tubo 100g;24.5
Cepillo de Dientes COLGATE Smiles Batman/Barbie 5+años;11.5
Bálsamo After shave NIVEA Men Sensitive Protect - Frasco 100ml;44.5
Repuesto SCHICK Women Quattro Caja 2un;19.9
Cepillo de Dientes para Niños COLGATE Smiles 0-2años Paquete 1un;11.5
Enjuague Bucal LISTERINE Dientes y Encías Menta Botella 500ml;21.5
Repuesto de Máquina de Afeitar GILLETTE Mach 3 Paquete 4un;40.9
Desodorante para Mujer en Roll On NIVEA Pearl & Beauty Frasco 50ml;14.9
Desodorante para Mujer en Aerosol REXONA Nutritive Frasco 105ml;12.9
Desodorante para Hombre OLD SPICE Pure Sport Frasco 50g;14.9
Desodorante Antitranspirante para Hombre en Spray GILLETTE Arctic Ice Frasco 150 ml;15.9
Talco para Pies ISANA Triple Acción Frasco 140g + Spray Frasco 150ml;22.6
Gorro de Baño BOREAL Talla M Paquete 1un;4.9
Colonia para Mujer JEAN NATÉ Original Frasco 236ml;31.1
Gel Antitranspirante para Hombre GILLETTE Specialized Power Rush Frasco 82g;20.9
Alcohol Etílico BOREAL 96° Frasco 500ml;8.3
Desodorante para Hombre Spray NIVEA Silver Protect Male Frasco 150ml;14.9
Jabón de Tocador BOREAL Glicerina Floral Bolsa 100g;2.7
Esponja de baño BOREAL Exfoliante de Sisal Bolsa 1un;7.9
Jabón Líquido Antibacterial AVAL Mágica Vainilla Botella 400ml;9.6
Jabón en Barra PROTEX Limpieza Profunda 3x 110g;10.4
Desodorante para Mujer en Roll On DOVE Tono Uniforme Caléndula Frasco 50ml;12.5
Colonia para Mujer JEAN NATÉ Original Botella 887ml;72.1
Protector Diario TENA Men Paquete 10un;19.6
Toallas Higiénicas NOSOTRAS Invisible Paquete 8un;8.2
Toallas Higiénicas NOSOTRAS Invisible Rapigel Paquete 10un;8.2
Tinte PALETTE COLOR CREAM 3-0 Castaño Oscuro Caja 170ml;20.9
Tinte PALETTE COLOR CREAM 6-0 Rubio Oscuro Caja 170ml;20.9
Tinte PALETTE COLOR CREAM 1-1 Negro Azul Caja 170ml;20.9
Tinte para Cabello CASTING Creme Gloss 300 Castaño Oscuro Caja 1un;30.9
Tinte para Cabello CASTING Creme Gloss 700 Rubio Mediano Caja 1un;30.9
Shampoo TÍO NACHO Aclarado Natural Frasco 415ml;29.9
Shampoo VITANE Advance Men Anticaída Frasco 400ml;25.4
Tampones KOTEX Medio con Aplicador Paquete 8un;14.0
Shampoo TÍO NACHO Anti Caída Herbolaria Frasco 415ml;29.9
Tinte PALETTE COLOR CREAM 7-0 Rubio Medio Caja 170ml;20.9
Tinte PALETTE COLOR CREAM 5-0 Castaño Oscuro Caja 170ml;20.9
Toallas Húmedas para Adultos TENA 3 en 1 Paquete 40un;16.2
Acondicionador PANTENE Restauración Frasco 400ml;20.9
Tinte para Cabello CASTING Creme Gloss 200 Negro Caja 1un;30.9
Desodorante Aerosol para Mujer REXONA Bamboo Frasco 175ml;11.9
Oxigenta IGORA 20 Vol Frasco 50ml;4.8
Tinte para Cabello GARNIER Nutrisse 53 Nuez Caja 1un;19.9
Tinte para Cabello GARNIER Nutrisse 10 Ébano Negro Caja 1un;19.9
Cepillo de Dientes para Bebé ORAL-B Stages 1un;13.0
Cepillo de Dientes para Niños ORAL-B Frozen Paquete 1un;13.0
Enjuague Bucal LISTERINE Menta Suave Botella 180ml;12.9
Preservativos DUREX Máximo Placer Caja 3un;11.2
Tinte para Cabello GARNIER Nutrisse 57 Ámbar Caja 1un;19.9
Tinte para Cabello GARNIER Nutrisse 61 Rubio Oscuro Caja 1un;19.9
Antiácido SAL DE ANDREWS Polvo Efervecente Caja 12un;10.8
Preservativos DUREX Placer Prolongado Caja 3un;11.6
Acondicionador VITANE Control Caspa Frasco 400ml;25.5
Shampoo VITANE Control Caspa Frasco 400ml;25.5
Desodorante para Hombre OLD SPICE Stick Legacy Barra 85g;24.5
Pack de Toallas Higiénicas Normal KOTEX Extra Protección Paquete 60un + Nocturnas Paquete 8un;17.9
Shampoo KATIVA Curly Plex Frasco 355ml;29.9
Gel para Cabello XTREME Professional Caja 230g;8.0
Prueba Semanal de Embarazo HCG Caja 1un;19.5
Mascarilla Capilar SEDAL Rizos Definidos Pote 300g;10.9
Shampoo SEDAL Luminous UV Frasco 650ml;19.9
Pack Shampoo HEAD & SHOULDERS Antiresequedad Frasco 1L x 2un;75.9
Desodorante en Barra SECRET Vainilla Frasco 45g;15.5
Shampoo HEAD & SHOULDERS Antiresequedad Frasco 650ml;29.9
Desodorante para Hombre en Barra OLD SPICE Dinasty Frasco 85g;24.5
Pack Shampoo ELVIVE Glycolic Gloss Frasco 370ml x3un;53.7
Desodorante en Barra Women REXONA Powder Dry Frasco 45g;11.9
Enjuague Bucal LISTERINE Whitening Frasco 473ml;26.9
Pack Alimento Nutricional PEDIASURE Sabor a Chocolate Lata 1.6Kg x2un;349.0
Desodorante para Hombre en Barra AXE Aqua Citrus 45g;16.9
Acondicionador Mais Cachos SKALA Frasco 325ml;22.9
Desodorante para Hombre en Aerosol AXE Bs Green Geranium 150ml;16.9
Jabón ASEPXIA Esponja 80g;9.9
Acondicionador URBAN CARE Twisted Curls Tubo 250ml;39.9
Tratamiento Capilar Nocturno DOVE Nutrición Frasco 175ml;15.9
Shampoo KATIVA Post Alisado Brasileño Frasco 355ml;26.9
Shampoo KATIVA Hyaluronic keratin Frasco 355ml;26.9
Acondicionador KATIVA Hyaluronic keratin Frasco 355ml;26.9
Jabón Líquido Íntimo BACTERION Neutro Frasco 220ml;23.9
Tratamiento Capilar con Proteína DOVE Nutrición Frasco 300g;15.9
Discos de Algodón CKF Extra Natural Bolsa 100un;13.5
Acondicionador NUTRIBELA Hialurónico Frasco 370ml;14.9
Tratamiento Capilar SAVITAL Multivitaminas Frasco 425ml;10.9
Tinte Capilar Garnier NUTRISSE Oleos 3.0 Castaño Oscuro Caja 1un;24.9
Tinte Capilar Garnier NUTRISSE Oleos 6.21 Rubio Oscuro Cenizo Caja 1un;24.9
Shampoo SEDAL Prebióticos + Biotina Frasco 650ml;19.9
Crema para Peinar SEDAL Prebióticos + Biotina Frasco 300ml;10.9
Gel MOCO DE GORILA Punk Frasco 80g;10.5
Desodorante para Mujer Antitranspirante Stick DOVE Orquídeas Frasco 45g;13.9
Pañal para Adulto TENA Slip Nocturno Talla L Paquete 16un;50.9
Toalla Higiénica LADYSOFT Delgada con Alas Paquete 28un;8.9
Acondicionador JOHN FRIEDA Ultra Filler Tubo 245ml;55.9
Shampoo JOHN FRIEDA Filler Frasco 245ml;55.9
Shampoo AMARAS Raíces y Puntas Felices Frasco 300ml;15.9
Shampoo Head & Shoulders Anti-Comezón Frasco 650ml;29.9
Shampoo Kativa Coconut Frasco 355ml;26.9
Shampoo Kativa Keratina Frasco 355ml;26.9
Acondicionador KATIVA Argan Oil Frasco 355ml;26.9
Acondicionador KATIVA Coconut Frasco 355ml;26.9
Botiquín Primeros Auxilios BALANZÉ Tapér 10un;19.9
Desodorante para Mujer SECRET Antitranspirante Gel Invisible Coco Frasco 45g x 2un;27.9
Pack LANOSTERIN Keratin Gold Shampoo 300ml + Acondicionador 300ml + Elixir de Aceite 47ml;89.9
Pack ELVIVE Shampoo Anti-Caída Aminexil Frasco 680ml + Acondicionador Anti-Caída Aminexil Frasco 680ml;59.9
Desodorante para Hombre Barra OLD SPICE Ocean Legend Frasco 50g;14.9
Desodorante para Hombre Barra Antitranspirante OLD SPICE Ocean Legend Frasco 50g;14.9
Tinte EXCELLENCE Sin Amoníaco 8U Rubio Claro Universal Caja 1un;35.9
Pack FRUCTIS Acondicionador Hair Food Palta 300ml + Crema Tratamiento Hair Food Palta 350ml + Shampoo Hair Food Palta 300ml;61.9
Shampoo Equilibrante PANTENE Pro-V Miracles Equilibrio Raíz y Puntas Frasco 510ml;32.9
Acondicionador Hidratante para Cabello Mixto PANTENE Equilibrio Raíz y Puntas 250ml;19.9
Desodorante para Hombre Roll On REXONA Forest Frasco 50ml;11.9
Tratamiento Capilar NUTRIBELA 15 Pro Hialurónico Pote 300ml;14.9
Cepillo Eléctrico ORAL-B Vitality 100 Recargable 1 Unidad + Cabezales Precision Clean 3un 1 Kit;149.9
Crema para Peinar LANOSTERIN Lano.Brill Pote 180g;11.9
Coloración Capilar LUMINANCE Oxidante en Crema 30Vol. Frasco 60ml;3.9
RECAMIER Laca Kleer Strong Holding en Spray Frasco 150ml;15.0
RECAMIER Laca Kleer Invisible Holding en Spray Frasco 150ml;15.0
Shampoo BALLERINA Carbón Frasco 410ml;9.5
Shampoo Granada BALLERINA Frasco 410ml;9.5
Acondicionador BALLERINA Granada Frasco 410ml;9.5
Crema para Peinar SAVITAL Complejo Hiarulónico Frasco 275ml;11.5
Desodorante para Hombre en Barra OLD SPICE Platinum 85g;24.5
Tinte Capilar Permanente EXCELLENCE Sin Amoníaco 2U Marrón Caja 1un;35.9
Tinte Capilar Permanente EXCELLENCE Sin Amoníaco 5U Castaño Claro Caja 1un;35.9
Repelente de Insectos en Aerosol OFF! Family Frasco 217ml;23.4
Acondicionador KONZIL Reparación Profunda Colágeno Frasco 340ml;10.9
Shampoo SKALA Expert Mais Cachos Frasco 325ml;22.9
Enjuague Bucal COLGATE Luminous White Carbón 250ml;12.6
Enjuague Bucal COLGATE Total Carbón 500ml;22.5
Desodorante para Hombre en Barra NIVEA Men Sensitive Protect Frasco 54g;13.9
Desodorante para Hombre en Barra NIVEA Men Silver Protect Frasco 54g;13.9
Tinte PALETTE COLOR CREAM 6-888 Rubí Seductor Caja 170ml;20.9
Máquina Afeitar GILLETTE Cuerpo Empaque 2un;18.9
Crema para Peinar 3 en 1 SKALA Crespo Divino Frasco 250g;29.9
Crema de Tratamiento para Cabello ELVIVE Hidratación Nocturna con Ácido Hilaurónico Frasco 200g;28.9
Shampoo HEAD & SHOULDERS Limpieza y Revitalización Aceite de Argán Control Caspa Frasco 375ml;18.9
Shampoo HEAD & SHOULDERS Aceite de Argán Limpieza y Revitalización Frasco 1L;41.9
Antitranspirante para Hombre en Barra OLD SPICE Extreme Protect Frasco 50g;14.9
Shampoo LANOSTERIN Nutrilan Frasco 250ml;31.9
Desodorante para Hombre en Aerosol AXE Men Epic Fresh Frasco 152ml;13.9
Cabezales de Repuesto ORAL-B Disney Cars para Cepillo de Dientes Eléctrico 2un;39.9
Cepillo de Dientes Eléctrico ORAL-B Disney Princess 1un;85.9
Esponja de Baño Elastica PONJITA Bolsa 1un;17.9
Crema para Peinar AMARÁS Diosa Rulosa Frasco 120ml;6.5
Acondicionador KATIVA con Ácido Hialurónico, Keratina & Q10 Frasco 1L;52.9
Gel EGO For Men Ultra Intense Frasco 500ml;14.8
Acondicionador HAPPY ANNE Blue Plex Frasco 340ml;16.9
Desenredante Spray para Peinar GELATTI Unicornio Frasco 200ml;16.9
CANTU Natural Hair Leave-in Frasco 340ml;57.9
Caramelos MULTIBIOTICOS Duros sin Azúcar con Sabor a Menta y Miel  Caja 5un;18.9
Cinta Impermeable Acolchada NEXCARE Caja 1un;30.5
Complemento Nutricional ENSURE Advance Sabor a Chocolate Botella 220ml;11.0
Shampoo SUMAQ Quinua Negra Frasco 500ml;32.9
Enjuague Bucal COLGATE Total Encías Reforzadas x500ml;22.5
Tinte PALETTE COLOR CREAM 5-63 Castaño Avellana Caja 170ml;20.9
Jabón Líquido PALMOLIVE Flor de Cerezo 800ml;14.9
Shampoo HEAD & SHOULDERS Dermo Sensitive Frasco 1L;41.9
Shampoo FRUCTIS Hair Food de Sandía Frasco 300ml;27.9
Tinte para Cabello LUMINANCE Internacional 6.0 Rubio Oscuro Paquete 2un;31.3
Repuesto para Máquina de Afeitar GILLETTE Mach3 Sensitive para Piel Sensible Paquete 8un;65.9
Cera Depilatoria DEPILÉ Perlas Calendula Alba Caja 200g;28.5
Cera Depilatoria DEPILÉ Perlas Vainilla Caja 200g;28.5
Protectores Diarios NOSOTRAS Flexibles Caja 150un;19.9
Shampoo para Niños GELATTI Baby Shark Frasco 350ml;19.9
Shampoo SEDAL Hialurónico y Vitamina A Frasco 340ml;10.9
Acondicionador HERBAL ESSENCES Bio:Renew Bourbon Manuka Honey Botella 400ml;34.9
Pack FRUCTIS Hair Food Palta Shampoo Frasco 300ml + Crema de Tratamiento Frasco 350ml;42.9
Tinte para Cabello GREEN CODE Crema Color 3.0 Castaño Oscuro Natural Caja 50un;27.0
Tinte para Cabello SOFT COLOR Rubio Claro 80;29.9
Tinte para Cabello GREEN CODE 1.0 Negro Natural Caja 1un;27.0
Cepillo de Dientes de Bambú POWSAN 100% Compostable Caja 1un;8.9
Acondicionador FRUCTIS Hair Food Aloe Frasco 300ml;27.9
Acondicionador PANTENE Bambú Nutre & Crece Frasco 700ml;32.9
Desodorante en Aerosol para Pies DEO PIES Extrem Spray 260ml;28.6
Gel para Hombre EGO Attraction Pote 500ml;14.8
Toallas Maxi Protección Suave ALWAYS M Paquete 32un;13.5
Tinte IGORA BRILLANCE 589I Rojo Borgoña Intenso Caja 145ml;28.9
Acondicionador TONNO Rizos Definidos Frasco 400ml;25.9
Mascarilla Capilar TONNO Efecto Brasilero Pote 350g;28.0
Desodorante para Hombre en Aerosol LEA Men Extra Dry Frasco 150 ml;10.2
Toallitas de Higiene LEA Adulto Paquete 64un;13.9
Shampoo HAPPY ANNE Extra Fortalecedor Keratina Frasco 340ml;14.9
Gel Fijador ROLDA Sin Alcohol Fijación Firme Pote 250g;12.8
Gel para Barba THE BARBERIA Hard Máxima Fijación Frasco 220ml;13.9
Jabón de Tocador JOHNSON'S Mentol Paquete 3un;11.8
Laca para Cabello BABARIA Oro Frasco 400ml;21.9
Pañitos Íntimos NOSOTRAS Herbal Paquete 80un;29.9
Máquina de Afeitar Desechable GILLETTE Venus Suave Sensitive con Skin Elixir Frasco 4un;31.9
Tinte para Cabello SOFT COLOR Sin Amoníaco 70 Rubio Natural Caja 1un;29.9
Colágeno en Polvo COMPLEMENTA Hidrolizado en Polvo Frasco 300g;65.0
Tinte PALETTE COLOR CREAM 4-88 Castaño Rojizo Caja 170ml;20.9
Caja Curitas Tela Elástica 8un;2.5
Shampoo TONNO Control Caída Frasco 400ml;25.9
Máquina de Afeitar Recargable GILLETTE Mach3 Sensitive AquaGrip con 2 repuestos;28.9
Crema Depiladora Brasilera DEPILÉ Tubo 100ml;26.4
Complemento Nutricional ENSURE Advance Chocolate Lata 850g;107.9
Shampoo VITANE Advance Men Pure Balance Uso Diario Frasco 400ml;25.4
Bandas Depilatorias Corporales DEPILÉ Rosa Mosqueta y Aceites Esenciales Piel Normal Paquete 6un;23.5
Máquina de Afeitar GILLETTE Venus Mujer Spa Paquete 1un;28.9
Tinte para Cabello EXCELLENCE Creme 8 Rubio Miel Caja 1un;27.9
Desodorante para Mujer LADY SPEED STICK 24/7 Floral Fresh Gel 65g;16.9
Cepillo Dental COLGATE 360° Medio 5un;37.9
Acondicionador HERBAL ESSENCES Argan Oil of Morocco Frasco 400ml;34.9
Tinte PALETTE PERFECT GLOSS 365 Dulce Chocolate Caja 115ml;20.9
Tinte PALETTE PERFECT GLOSS 700 Rubio Miel Caja 115ml;20.9
Tinte PALETTE PERFECT GLOSS 400 Castaño Frappé Caja 115ml;20.9
Acondicionador PANTENE 3 Minute Miracle Restauración Tubo 170ml;20.9
Bálsamo After Shave LEA Frasco 75ml;15.5
Gel de Afeitar NIVEA Men Sensitive - Frasco 200ml;36.6
Talco para Pies ISANA Frasco 60g Paquete 2un;13.7
Tinte para Cabello L'ORÉAL Excellence 8.11 Rubio Claro Cenizo Caja 1un;27.9
Tinte para Cabello EXCELLENCE Creme 8.1 Rubio Claro Cenizo Caja 1un;27.9
Enjuague Bucal LISTERINE Whitening Extreme Menta Botella 236ml;13.5
Repuesto para Máquina de Afeitar GILLETTE Mach 3 Sensitive Caja 2un;26.9
Máquina de Afeitar GILLETTE Mach3 Classic Paquete 1un;24.9
Repuesto de Máquina de Afeitar SCHICK Quattro Titanium 4 Paquete 4un;35.9
Enjuague Bucal LISTERINE Control Cálculo/Sarro Frasco 500ml;21.5
Espuma de Afeitar GILLETTE Foamy Sensitive Frasco 175g;27.9
Jabón ASEPXIA Forte Barra 100g;11.9
Desodorante Bucal BUK-AL Menta Envase 4ml;9.8
Máquina para Afeitar Desechable GILLETTE Venus Suave 4 Unidades;30.9
Máquina de Afeitar GILLETTE Prestobarba3 Sport con 3 Hojas Paquete 4un;30.9
Desodorante para Mujer Spray NIVEA Tono Natural Beauty Touch Frasco 150ml;14.9
Desodorante para Hombre Roll On NIVEA Silver Protect Male Frasco 50ml;14.9
Esponja de Baño Anatómica PONJITA Bolsa 1un;14.3
Desodorante para Hombre en Crema ETIQUET Tubo 75g + Jabón de Tocador Barra 90g;17.7
Alcohol Etílico BOREAL 96° Botella 220ml;6.2
Repelente en Crema OFF Family Frasco 200g;22.9
Guantes de Baño BOREAL Exfoliante Paquete 1un;11.9
Tinte PALETTE COLOR CREAM 6-68 Chocolate Claro Caja 170ml;20.9
Tinte PALETTE COLOR CREAM 4-0 Castaño Medio Caja 170ml;20.9
Tinte PALETTE COLOR CREAM 6-60 Chocolate Deluxe Caja 170ml;20.9
Shampoo JOHN FRIEDA Dream Curls Frasco 250ml;44.9
Tinte para Cabello L'ORÉAL Casting Creme Gloss 713 Rubio Avellana Caja 1un;30.9
Mousse JOHN FRIEDA Manejable Frasco 204g;44.9
Crema para Peinar PANTENE Anti Frizz Frasco 300ml;20.9
Toalla Higiénica KOTEX Normal con Alas Máxima Absorción Paquete 42un;13.1
Tinte para Cabello PLACENTA LIFE For Men 5 Castaño Claro Caja 1un;34.9
Tinte IGORA VITAL 3-0 Castaño Oscuro Caja 125ml;28.9
Laca JOHN FRIEDA Frizz Ease Frasco 340g;44.9
Tinte PALETTE COLOR CREAM 7-1 Rubio Medio Cenizo Caja 170ml;20.9
Tinte PALETTE COLOR CREAM 1-0 Negro Caja 170ml;20.9
Tinte para Cabello CASTING Creme Gloss 535 Chocolate Caja 1un;30.9
Jabón Íntimo NIVEA Mild Comfort - Frasco 250ml;32.0
Tinte para Cabello CASTING Creme Gloss 415 Marrón Glacé Caja 1un;30.9
Crema para Peinar KONZIL Aceite de Almendras Frasco 230ml;8.9
Toallas Femeninas Nocturna Suave ALWAYS G Paquete 8un;9.5
Acondicionador JOHN FRIEDA Dream Curls Frasco 250ml;44.9
Acondicionador JOHN FRIEDA Flawlessly Straight Frasco 250ml;44.9
Mascarilla de Tratamiento ELVIVE Color Vive Cabello con Color Pote 350g;20.9
Mascarilla de Tratamiento ELVIVE RT5 Cabello Dañado Pote 350g;20.9
Tinte para Mujer NUTRÍSSE Rubio Oscuro Cacao Caja 1un;19.9
Tinte para Cabello GARNIER Nutrisse 73 Miel Caja 1un;19.9
Tinte para Cabello GARNIER Nutrisse 30 Espresso Caja 1un;19.9
Repelente en Spray de Insectos OFF Family Frasco 177ml;20.9
Repelente en Spray de Insectos OFF Family Frasco 100ml;12.7
Tratamiento Capilar VITANE Control Caspa Frasco 85ml;34.9
Máquina de Afeitar Deschable BIC Soleil Escape Paquete 3un;24.9
Máquina de Afeitar Desechable BIC Flex 3 hojas Paquete 2un;14.9
Desodorante para Hombre DOVE Men Protección Total Frasco 150ml Paquete 2un;27.5
Shampoo GELATTI Barbie Frasco 250ml;16.9
Crema para Peinar KATIVA Curlpy Plex Tubo 240ml;32.9
Acondicionar KATIVA Curly Plex Deep Botella 450ml;35.0
Gel para Cabello XTREME Professional Caja 500g;16.9
Shampoo VITANE Liso Brasilero Botella 400ml;25.5
Crema para Peinar VITANE Rizos Perfectos Vitane Botella 300ml;19.6
Shampoo VITANE Rizo Botella 400ml;25.5
Acondicionador VITANE Rizos 400ml;25.5
Acondicionador VITANE Liso Brasilero 400ml;25.5
Jabón para Acné ACNOMEL Carbón Activado Caja 100g;8.9
Desodorante para Hombre en Aerosol para Hombre NIVEA Deep Extre Frasco 150ml;14.9
Shampoo PANTENE Anti-Caída Botella 510ml;32.9
Shampoo PANTENE Anti-Caída Botella 300ml;17.9
Acondicionador PANTENE Anti-Caída Botella 250ml;17.9
Tónico Capilar PANTENE Anti-Caída Caja 52ml;24.9
Crema para Peinar PANTENE Anti-Caída Botella 300ml;17.9
Gel para Hombre EGO Attraction Pote 160ml;14.8
Gel para Hombre EGO Attraction Pote 60ml;7.9
Gel para el Cabello Glued GOT2B Frasco 150 ml;49.9
Gel para Cejas y Bordes del Cabello Glued GOT2B Frasco 16ml;49.9
Laca para Cabello Glued GOT2B Frasco 300ml;49.9
Desodorante para Hombre en Barra DOVE Energy Boost Frasco 45g;13.9
Tiente para el Cabello LUMINANCE 9.21 Beige Cenizo Irisado Caja 1un;31.1
Desodorante para Mujer en Barra REXONA Women Active Emotion Frasco 50g Paquete 2un;20.9
Máquina de Afeitar Desechable VENUS Suave 3H Paquete 3un;23.9
Toallas Femeninas Nocturna Suave ALWAYS XG Paquete 8un;10.7
Mascarilla Tratamiento Capilar SEDAL Luminous UV Pote 300g;10.9
Tiente para el Cabello LUMINANCE 8.00 Rubio Claro Intenso Caja 1un;31.1
Antitranspirante para Pies en Aerosol ISANA Extreme Frasco 150ml;19.7
Desodorante para Mujer Spray NIVEA Miracle Sweet Frasco 150ml;14.9
Acondicionador HERBAL ESSENCES White Grapefruit 400ml;35.9
Pack Shampoo HEAD & SHOULDERS Anticomezón 375ml + 180ml;26.5
Desodorante para Mujer en Roll On NIVEA Miracle Sweet Frasco 50ml;14.9
Colonia Mujer SHAKIRA Red Midnight Frasco 30ml;39.9
Maquina de Afeitar SCHICK Quattro You Piel Delicada Paquete 4un;29.9
Desodorante para Hombre en Barra OLD SPICE Dragonblast Frasco 50g;14.9
Pack FRUCTIS Shampoo Piña 300ml + Acondicionador Piña 300ml;40.5
Desodorante para Hombre en Aerosol OLD SPICE Dragonblast Frasco 93g;15.5
Desodorante para Hombre en Barra OLD SPICE Dragonblast Frasco 50g;14.9
Shampoo HEAD & SHOULDERS Antiresequedad Frasco 1L;41.9
Máquina de Afeitar SCHICK Quattro Titanium Paquete 5un;33.8
Crema Depilatoria Corporal DEPILÉ con Aloe Vera 100ml x 2un;39.9
Body Mist PASSION FLOWERS Montwood 237ml;25.9
Esponja Baño + Jabón BALMY Fresa Bolsa 1un;14.9
Máquina de Afeitar BIC Flex #4 Blíster 3un;18.9
Máquina de Afeitar BIC Flex #5 Blíster 2un;19.9
Máquina de Afeitar BIC Flex #5 Híbrido + 3 Repuestos;28.9
Repuestos para Máquina de Afeitar BIC Flex #5 Híbrido Blíster 4un;25.9
Pack ELVIVE Shampoo Glycolic Gloss Frasco 370ml + Aceite Óleo Extraordinario Frasco 100ml;54.9
Nutre Óleo Pequi & Aguacate HERBAL ESSENCES Frasco 95ml;35.9
Colonia Mujer PACHA Queen Sexy Frasco 80ml;39.9
Acondicionador Aceite de Coco + Manteca de Karité + Vitamina E REVLON Botella 700ml;27.9
Shampoo Aceite de Almendra + Aminoácidos + Keratina REVLON Botella 700ml;27.9
Desodorante para Hombre en Barra AXE Blue Lavender 45g;16.9
Gel de Afeitar SCHICK Protect Extra Sensitive Frasco 200ml;28.5
Alimento Nutricional PEDIASURE Chocolate Lata 850g;114.5
Crema para Peinar Don't Forget Me TONNO Plus Tubo 100ml;24.9
Crema para Peinar Savage Curly TONNO Plus Tubo 180ml;29.9
Banditas NEXCARE Codo/Rodilla Caja 8un;18.9
Jabón de Tocador DUET Humectación Profunda 90g x 3un;8.9
Set Caja BALANZÉ WOMEN Contiene 1 Body Lotion 80ml + 1 Cuaderno + 1 Lapicero Pon Pon;29.9
Desodorante para Hombre Stick OLD SPICE Wolfthorn 85g;21.5
Acondicionador Capilar Karatina KATIVA Frasco 60ml;18.9
Repelente de Insectos FLORESTA Extremo Deet 15% Frasco 120g;15.3
Repelente de Insectos FLORESTA Extremo Deet 15% Frasco 60g;11.6
Fortificante NUNATURA Sabor a Vainilla Doypack 250g;17.9
Spray Desenredante Kids SIMOND'S Brillitos de Argán Frasco 210ml;28.9
Shampoo URBAN CARE Expert Biotin & Caffeine Frasco 350ml;49.9
Shampoo Fórmula Vegana URBAN CARE Ácido Hialurónico Tubo 250ml;39.9
Shampoo URBAN CARE Pure Coconut Tubo 250ml;39.9
Shampoo Fórmula Vegana URBAN CARE Twisted Curls Tubo 250ml;39.9
Crema Para Peinar URBAN CARE Twisted Curls Frasco 175ml;39.9
Sérum URBAN CARE Pure Coconut Frasco 75ml;49.9
Crema Para Peinar URBAN CARE Mask Intensive Twisted Curls Frasco 230ml;39.9
Sérum URBAN CARE Hair Tonic Spray Biotin & Caffeine Frasco 200ml;49.9
Sérum Capilar URBAN CARE Ácido Hialurónico Frasco 75ml;49.9
Crema Capilar URBAN Grow Strong Frasco 240ml;69.9
Crema Capilar URBAN CARE Pure Coconut Oil in Cream Frasco 150ml;39.9
Mascarilla Capilar URBAN CARE Night Hyaluronic Frasco 230ml;39.9
Acondicionador URBAN CARE Pure Coconut & Aloe Vera Tubo 250ml;39.9
Acondicionador URBAN CARE Biotin & Caffeine Tubo 200ml;49.9
Acondicionador URBAN CARE Ácido Hialurónico Tubo 250ml;39.9
Parche Térmico León HANSAPLAST con Capsaicina Bolsa 1un;9.9
Shampooo DOVE Reconstrucción Keratina Frasco 1150ml;40.5
Multipropósitos DOVE Reconstrucción Keratina Spray 175ml;15.9
Body Mist SENSUAL BEAUTY Velvet Kiss 150ml;19.9
Acondicionador KATIVA Post Alisado Brasileño Frasco 355ml;26.9
Tratamiento Capilar KATIVA Post Alisado Brasileño Frasco 300ml;29.9
Desodorante para Mujer en Aereosol LADY SPEED STICK Carbon Absorb Spray 91g Frasco 2un;25.6
Jabón Líquido Íntimo BACTERION Manzanilla y Caléndula Frasco 220ml;23.9
Shampoo Anti-Caída Purificación TIO NACHO Frasco 950ml;37.9
Tratamiento Capilar con Proteína DOVE Hidratación Frasco 300g;15.9
Tratamiento Capilar con Proteína DOVE Reconstrucción Frasco 300g;15.9
Cinta Microporosa CURITAS Color Piel 2.5cm x 4.5m;12.9
Cinta Microporosa CURITAS Color Blanco 2.5cm x 4.5m;12.9
Polvo Instantáneo de Tarwi TAURI con Cacao en Polvo Doypack 250g;18.6
Polvo Instantáneo de Tarwi TAURI con Maca Negra Doypack 250g;18.6
Polvo Instantáneo de Tarwi TAURI Doypack 250g;18.6
Cepillo Dental COLGATE Total Foaming Clean Soft Paquete 2un;24.5
Pack ELVIVE Shampoo Anti-Caída Aminexil 370ml + Sérum Anti-Caída 1.5% Aminexil 102ml;57.9
Desodorante para Hombre en Aerosol OLD SPICE Wolfthorn Frasco 129g;17.9
Complemento Nutricional BIOMAGNES Polvo Caja 33un;16.0
Suplemento Nutricional en Polvo Efervecente BIOMAGNES Naranja Caja 33un;28.8
Desodorante para Hombre en Barra NIVEA Men Deep Darkwood Frasco 54g;13.9
Tinte Capilar Garnier NUTRISSE Oleos 6.66 Rubio Rojizo Profundo Caja 1un;24.9
Tinte Capilar Mujer GREEN CODE 7.13 Rubio Avellana Caja 1un;27.0
Máquina de Afeitar GILLETTE Prestobarba 3 Descartable Paquete 4un;30.9
Jabón de Tocador NIVEA Avena - Barra 125g Pack 3un;15.6
Kit Tinte para Cabello PLACENTA LIFE Naturals Rubio Oscuro 60/600;25.9
Kit Tinte para Cabello PLACENTA LIFE Naturals Rubio 70/700;25.9
Kit Tinte para Cabello PLACENTA LIFE Naturals Castaño 40/400;25.9
Kit Tinte para Cabello PLACENTA LIFE Naturals Negro 20/200;25.9
Kit Tinte para Cabello PLACENTA LIFE Naturals Chocolate 67;25.9
Kit Tinte para Cabello PLACENTA LIFE Naturals Castaño Claro 50/500;25.9
Loción Capilar SEDAL Prebióticos + Biotina Frasco 100ml;24.9
Máscara Tratamiento Capilar SEDAL Prebióticos + Biotina Pote 300g;10.9
Gel de Cabello GELATTI Look Sport Spiderman 280g;19.9
Shampoo Recamier VITANE Alta Nutrición Frasco 400ml;25.4
Crema Tratamiento Capilar Recamier VITANE Alta Nutrición Frasco 300g;27.5
Acondicionador Recamier VITANE Alta Nutrición Frasco 400ml;25.4
Pack Tratamiento Capilar PANTENE Crema para Peinar Keratina 300ml + Acondicionador Keratina 250ml + Shampoo Keratina 300ml;46.9
Desodorante para Mujer Antitranspirante Roll On DOVE Orquídeas Frasco 150ml;12.5
Desodorante para Hombre SPEED STICK Energy Frasco 150ml;11.9
Desodorante para Mujer en Barra SPEED STICK Energy Frasco 50g;14.5
Pañal para Adulto TENA Slip Nocturno Talla M Paquete 16un;50.9
Acondicionador SKALA Crespinho Divino Kids Frasco 325ml PV;22.9
Spray Desenredante SKALA Crespinho Divino Frasco 250ml PV;34.9
Gasa Estéril NEXCARE Caja 12un;21.5
Tratamiento Enjuague ELE Glycolic Gloss Frasco 200ml;40.5
Spray JOHN FRIEDA Ultra Filler Thickening Frasco 150ml;55.9
Máquina de Afeitar GILLETTE Venus Íntima Paquete 3un;28.9
Repuestos para Cepillo Dental ORAL B Kid Frozen Paquete 2un;39.9
Serum AMARAS Raíces y Puntas Felices Frasco 60ml;18.9
Fórmula Nutricional GLUCERNA Vainilla Botella 237ml;13.9
Pañal Nocturno PLENITUD Incontinencia Intensa Talla M Paquete 8un;25.9
Repelente de Insectos FLORESTA Loción Familia Frasco 120ml;15.8
Repelente de Insectos FLORESTA Kids Loción Frasco 120ml;16.8
Cepillo Dental DR BROWN Kid Monstruo Paquete 1un;39.9
Fibra Capilar cosmética BIOCRES Full Hair Frasco 22g (Color Negro);66.4
Tinte para cabello LUMINANCE Duotubo Rubio Mediano Cobrizo 7.4 Caja 1un;31.1
Cepillo Dental Eléctrico ORAL B Frozen Caja 1un;149.9
Crema Dental COLGATE Sensitive Pro Alivio Tubo 110g;21.9
Desodorante para Mujer en Barra LADY SPEED STICK Carbon Absorb Frasco 45g;14.5
Cepillo Dental Kid Dedal Silicona DR. BROWN´S 1un;25.9
Desmaquillante de Uñas TIPPYS 60un;14.3
Bandita Impermeable Transparente NEXCARE 15un;14.9
Sérum Hialurónico KATIVA Frasco 120ml;35.9
Crema de Tratamiento Kativa Keratina Frasco 300ml;29.9
Desodorante para Mujer en Barra PERUVIAN Health Menta Frasco 79g;37.5
Desodorante para Mujer en Barra PERUVIAN Health Jazmin Frasco 79g;37.5
Cepillo Dental Sensitive COLGATE Ultrasuave Paquete 2un;24.5
Sérum Hidratación DOVE Frasco 110ml;15.9
Desodorante para Mujer SECRET Antitranspirante en Barra invisible Jasmine Frasco 45g;15.5
Desodorante para Mujer SECRET Antitranspirante en Barra invisible Coco Frasco 45g;15.5
Desodorante para Mujer SECRET Antitranspirante en Barra invisible pH Balanced Lavanda Frasco 45g;15.5
Desodorante para Mujer SECRET Antitranspirante en Gel Invisible Jasmine Frasco 45g;16.9
Mascarilla Nutritiva HERBAL ESSENCES Bio:Renew Pequi & Aguacate Nutre e Hidrata Frasco 300ml;34.9
Acondicionador HERBAL ESSENCES Bio:Renew Pequi & Aguacate Nutre e Hidrata Frasco 250ml;35.9
Kit Reconstrucción KATIVA Total Plex Sellante 60ml + Concetrado 70ml;49.9
Pack Tinte para Cabello EXCELLENCE Creme 7.1 Rubio Cenizo Caja x 3un;99.9
Pack Tinte para Cabello CASTING Creme Gloss 300 Castaño Oscuro Caja x 3un;99.9
Pack Tinte para Cabello EXCELLENCE Creme 5 Castaño Claro Caja x 3un;99.9
Pack Tinte para Cabello CASTING Creme Gloss 500 Castaño Claro Caja x 3un;99.9
Acondicionador Reconstructor Capilar KATIVA Total Plex Botella 250ml;23.9
Shampoo Reconstructor Capilar KATIVA Total Plex Frasco 250ml;23.9
Tratamiento para el Cabello PALETTE Post Coloración Frasco 200ml;21.9
Crema de Tratamiento VITANTE Intensivo Restauracion 6 en 1 Pote 300g;27.5
Pasta Dental Kid Junior DAILY CARISTOP Tubo 100g;14.9
Tonatrím Plus Cápsulas Caja 45un;37.9
Pack Shampoo Ácido Hialurónico ELVIVE Pure Frasco 680ml + Acondicionador Ácido Hialurónico ELVIVE Pure Frasco 370ml;47.9
Desodorante para Hombre Gel Antitranspirante GILLETTE Sport Peak Frasco 82g;20.9
Desodorante para Hombre en Aerosol OLD SPICE Ocean Legend Frasco 96g;15.5
Crema Repelente OFF! Baby Frasco 100ml;24.6
Tinte para Mujer GREEN CODE 4.0 Castaño Mediano Natural Caja 1un;27.0
Cabezales de Repuestos Sensitive ORAL-B Caja 2un;39.9
Pack PANTENE Shampoo Pro-V Miracles Equilibrio Raíz y Puntas 300ml + Acondicionador Hidratante 250ml + Sérum Revitalizador 95ml;46.9
Toallas Higiénicas LADYSOFT Nocturna Maxi Pro Paquete 10un;9.9
Pack Toalla Higiénica ALWAYS Cubierta Seca Nocturna Paquete 32un x 3un;51.9
Sérum Revitalizador PANTENE Pro-V Miracles Equilibrio Raíz y Puntas Frasco 95ml;19.9
Acondicionador Hidratante para Cabello Mixto PANTENE Equilibrio Raíz y Puntas 510ml;32.9
Pasta Dental COLGATE Sensitive Pro Alivio Real White 75ml;22.5
Gel MOCO DE GORILA Gamer Frasco 340g;15.9
Hisopos Ecológicos TIPPYS Caja 300un;14.7
Kit de Viaje ORAL-B Cepillo Dental + Pasta Detal Detox 31ml;13.5
Cepillo Eléctrico Spider-Man ORAL-B Recargable 1un;149.9
Banditas NEXCARE Ultra Flexible Caja 24un;15.9
Banditas NEXCARE Transparentes Caja 10un;8.5
Banditas NEXCARE Curación Avanzada Caja 6un;17.9
Soporte para el Codo Ajustable FUTURO Caja 1un;37.9
Soporte para la Rodilla Ajustable FUTURO Caja 1un;56.9
Soporte para la Muñeca Ajustable FUTURO Caja 1un;31.9
Soporte para el Tobillo Ajustable FUTURO Caja 1un;47.9
Acondicionador Detox Repair JOHN FRIEDA Frasco 250ml;46.2
Shampoo Detox Repair JOHN FRIEDA Frasco 250ml;46.2
Crema Tratamiento Reparador LANOSTERIN Pote 500g;39.9
Crema Tratamiento Hidratante LANOSTERIN Pote 500g;39.9
Gel CANTU Extra Hold Edge Stay Pote 64g;42.9
Coloración Capilar LUMINANCE Oxidante en Crema 20Vol. Frasco 60ml;3.9
Desodorante para Mujer en Aerosol LADY SPEED STICK Carbón Absorb Frasco 91g;11.9
Desodorante para Hombre en Aerosol SPEED STICK Carbón Absorb Frasco 91g;11.9
Laca RECAMIER Kleer Lac Strong Holding en Aerosol Frasco 250ml;24.7
Laca RECAMIER Kleer Lac Invisible Holding en Aerosol Frasco 250ml;24.7
Crema Depilatoria Piel Normal VEET Pure Caja 100ml;33.7
Crema Depilatoria Piel Normal VEET Pure Caja 200ml;51.4
Crema Depilatoria Piel Sensible VEET Pure Caja 200ml;51.4
Acondicionador BALLERINA Carbón Activado Frasco 410ml;9.5
Tratamiento Capilar HERBAL ESSENCES White Grape Fruit Pote 300ml;34.9
Tratamiento Capilar Maca SUMAQ Tubo 250g;30.9
Tratamiento Capilar Uña de Gato SUMAQ Tubo 250g;30.9
Gel de Baño INSTITUTO ESPAÑOL Oleogel Pieles Atópicas Frasco 300ml;69.0
Desodorante para Hombre en Barra REXONA Men Forest Frasco 45g;11.9
Pack ELVIVE Pure Ácido Hialurónico Acondicionador Frasco 370ml + Crema Tratamiento Frasco 300ml + Shampoo Frasco 370ml;56.9
Desodorante para Hombre en Barra OLD SPICE Supremacy 85g;24.5
Desodorante para Hombre en Aerosol OLD SPICE Platinum 175ml;24.5
Shampoo Micelar ELVIVE Pure Frasco 300ml;14.9
Shampoo TÍO NACHO Anti-Canas Frasco 415ml;29.9
Acondicionador TÍO NACHO Anti-Canas Frasco 415ml;29.9
Alimento Nutricional SUSTAGEN Pro Sabor a Vainilla Lata 400g;32.5
Máscara de Tratamiento 2 en 1 SKALA Expert Mais Crespos Pote 1000g;39.9
Tinte PALETTE COLOR CREAM 5-60 Chocolate Mocca Deluxe Caja 170ml;20.9
Tinte PALETTE COLOR CREAM 6-460 Chocolate Avellana Deluxe Caja 170ml;20.9
Tinte PALETTE COLOR CREAM 5-68 Chocolate Caja 170ml;20.9
Repuesto para Máquina de Afeitar GILLETTE Mach3 Carbono con 3 Hojas, 4un;44.9
Caja CURITAS Marvel 20un;18.9
Caja CURITAS Frozen 20un;18.9
Tinte Capilar Permanente EXCELLENCE Sin Amoníaco 1U Negro Caja 1un;35.9
Repelente de Insectos en Aerosol OFF! Extra Duración Frasco 202ml;26.3
Tratamiento Capilar AMARÁS Magia Andina Frasco 300ml;15.9
Desodorante para Mujer Roll On DOVE Tono Uniforme Rosas Frasco 50ml;12.5
Set TOMEE TIPPEE Peine y Cepillo;29.9
Corta Uñas TOMEE TIPPEE;29.9
Protectores Diarios NOSOTRAS Sensiti-V Paquete 100un;19.5
Desodorante para Mujer en Barra LADY SPEED STICK Derma Hair Minimizer Frasco 47g;22.5
Termoprotector PLACENTA LIFE Tonno Plus Efecto Brasilero Frasco 250ml;27.9
Acondicionador PLACENTA LIFE Tonno Plus Efecto Brasilero Frasco 1L;52.9
Shampoo PLACENTA LIFE Tonno Plus Efecto Brasilero Frasco 1L;52.9
Máquina de Afeitar Desechable SCHICK Xtreme3 Beauty Pack 2un;13.9
Repuestos de Cabezal SCHICK Xtreme5 Pivot Ball;42.9
Máquina de Afeitar Schick Xtreme3 Piel Sensible Paquete 3un;18.2
Gel de Afeitar SCHICK Quattro Raspberry Rain Frasco 200ml;28.5
Pack HEAD & SHOULDERS Aceite de Argán: Shampoo 375ml + 180ml;26.5
Desodorante para Mujer en Barra NIVEA Pearl & Beauty Frasco 54g;13.9
Loción Repelente de Insectos PALMERA Frasco 120g;14.9
Tinte PALETTE COLOR CREAM 6-78 Rubio Cobrizo Oscuro Caja 170ml;20.9
Pack Toalla Higiénica ALWAYS Cubierta Seca Nocturna Paquete 64un;34.9
GILLETTE Cuerpo Máquinas de Afeitar Desechables 4un;30.9
Repuesto para Máquina de Afeitar GILLETTE Mach3 Cuerpo, Afeitado Corporal, 2un;26.9
Máquina de Afeitar Recargable GILLETTE Mach3 Cuerpo Blister 1un;26.9
Repelente de Insectos en Spray FLORESTA Extremo Frasco 120ml;17.9
Repelente de Insectos en Crema FLORESTA Familiar Frasco 120g;14.0
Cepillo de Dientes ORAL-B Expert Sensi 1un;16.1
Máquina de Afeitar LEA Women Bikini Blister 3un;15.9
Shampoo HEAD & SHOULDERS Limpieza y Revitalización Aceite de Argán Control Caspa Frasco 650ml;29.9
Alcohol Yodado ALKOFARMA Frasco 120ml;2.2
Gel Invisible Antitranspirante para Hombre GILLETTE Specialized Training Guard Frasco 82g;20.9
Máquina de Afeitar Desechable GILLETTE Venus Íntima 2un;19.9
Acondicionador LANOSTERIN Nutrilan Frasco 250ml;31.9
Acondicionador LANOSTERIN Keratin Essence Frasco 250ml;17.5
Shampoo Keratin Essence LANOSTERIN Frasco 250ml;16.5
Mascarilla Capilar Nutrilan LANOSTERIN Frasco 300g;39.9
Mascarilla Capilar Keratin Essence LANOSTERIN Frasco 300g;29.9
Shampoo MUSS KIDS Durazno Frasco 400ml;20.9
Cepillo de Dientes Eléctrico ORAL-B Disney Pixar Cars 1un;85.9
Desodorante Antitranspirante Aerosol DOVE Tono Uniforme Frasco 250ml;21.9
Kit LUMINANCE Tinte 2 Tubos Color + Crema Reveladora + 1 Par de Guantes + 1 Tratamiento Pre y Post Color Caja 1un;31.3
Pack Cepillo de Bambú POWSAN Caja 2un;14.9
Serum Control Frizz AMARÁS Bendito Clima de Lima Frasco 120ml;29.9
Tratamiento Purificador AMARÁS Bendito Clima de Lima Frasco 300ml;15.9
Tratamiento Capilar AMARÁS Reparación Divina Frasco 300ml;15.9
Pacha Ibiza 24/7 Him EDT 100ml;39.9
Pack PANTENE Restauración Shampoo 400ml + Acondicionador 400ml + Mascarilla Tratamiento Capilar PANTENE PRO-V Restauración 300ml;46.9
Shampoo HEAD & SHOULDERS Purificación Capilar Carbón Activado Control Caspa Frasco 650ml;29.9
Shampoo HEAD & SHOULDERS Men 3 en 1 Control Caspa Frasco 650ml;29.9
Shampoo HEAD & SHOULDERS Crece Fuerte desde la Raíz Control Caspa Frasco 650ml;29.9
Shampoo HEAD & SHOULDERS Protección Caída con Cafeína Control Caspa Frasco 650ml;29.9
Caja Curitas Aqua Protect 20un;18.9
Shampoo & Acondicionador GELATTI Unicornio Frasco 300ml;16.9
Shampoo 3 en 1 GELATTI Dragon Ball Frasco 300ml;16.9
Shampoo JOHN FRIEDA Violet Crush Frasco 245ml;55.9
Acondicionador JOHN FRIEDA Violet Crush Frasco 245ml;55.9
Máquina para Afeitar GILLETTE Prestobarba 3 Cool Paquete 4un;30.9
CANTU Natural Hair Coconut Curl Frasco 340ml;69.9
CANTU Wave Whip Curling Mousse Frasco 248ml;55.9
Caramelos MULTIBIOTICOS Duros sin Azúcar con Sabor a Chicha Caja 5un;18.9
Venda Autoadherente NEXCARE Coban Color Piel Blíster 1un;34.9
Desodorante para Hombre en Barra OLD SPICE Fresh Frasco 85g;21.5
Gel Invisible Antitranspirante para Hombre GILLETE Specialized Cool Wave Frasco 113g;24.9
Desodorante para Mujer en Aerosol REXONA Active Emotion Frasco 250ml;17.9
Máquina de Afeitar Desechable Quattro You SCHICK Raspberry Rain 2un;15.8
Repelente de Insectos en Spray BALANZÉ BÁSICOS Frasco 200ml;9.9
Repelente en Crema BALANZÉ BÁSICOS Frasco 200ml;9.9
Pack Enjuague Bucal COLGATE Luminous White Frasco 500ml + Crema Dental COLGATE Luminous White Caja 75ml;29.9
Shampoo SUMAQ Maca Frasco 500ml;32.9
Acondicionador SUMAQ Maca Frasco 500ml;32.9
Aceite Natural para Cabello SUMAQ Sacha Inchi Frasco 60ml;30.9
Acondicionador SUMAQ Quinua Negra Frasco 500ml;32.9
Acondicionador SUMAQ Uña de Gato Frasco 500ml;32.9
Crema Tratamiento para Cabello Tinturado SUMAQ Quinua Negra Tubo 250g;30.9
Colonia GELATTI Dragon Ball Pote 175ml;19.9
Colonia GELATTI Unicornio Pote 140ml;19.9
Máquina de Afeitar Desechable GILLETTE Derma Protección Paquete 4un;31.9
Shampoo BALLERINA Manzanilla Frasco 410ml;9.5
Acondicionador BALLERINA Manzanilla Frasco 410ml;9.5
Tinte para Cabello LUMINANCE Duotubo 1.0 Negro Luminoso Caja 1un;31.3
Tinte para Cabello LUMINANCE Duotubo 6.35 Rubio Oscuro Dorado Caoba Caja 1un;31.3
Pack HEAD & SHOULDERS Dermosensitive Shampoo Frasco 375ml + Shampoo Frasco 180ml;26.5
Tratamiento Capilar HERBAL ESSENCES Argán Oil & Aloe Frasco 100ml;34.9
Acondicionador HERBAL ESSENCES Oil of Morocco Frasco 245ml;20.9
Pasta Dental DAILY CARISTOP White Triple Acción Anticaries Tubo 80g;17.9
Pasta Dental DAILY CARISTOP Sensitive Triple Acción Anticaries Tubo 80g;17.9
Enjuague Bucal DAILY CARISTOP Total Care Frasco 250ml;14.9
Cepillo Dental Medio DAILY CARISTOP Paquete 2un;26.9
Shampoo HASK en Seco Charcoal Frasco 122ml;50.9
Gel Lubricante DUREX Naturals Tubo 100ml;42.1
Desodorante para Hombre en Aerosol OLD SPICE Antitranspirante Adventur 150ml;15.5
Desodorante para Hombre en Barra OLD SPICE Adventure Frasco 50g;14.9
Desodorante para Hombre en Spray OLD SPICE Adventure Body Spray Frasco 96g;15.5
Desodorante para Hombre en Barra OLD SPICE Antitranspirante Adventure Frasco 50g;14.9
Gel Invisible Antitranspirante para Hombre GILLETTE Specialized Antibacterial Frasco 82g;20.9
Hilo Dental REACH Menta Caja 100m;21.0
Complemento Nutricional ENSURE Advance Fresa Banana Lata 850g;107.9
"Calzón Nocturno NOSOTRAS ""S"" Buenas Noches Paquete 3un";20.6
Crema de Tratamiento FRUCTIS Hair Food de Sandía 300ml;24.9
Tinte para Cabello LUMINANCE Internacional 5.0 Castaño Claro Paquete 2un;31.3
Tinte para Cabello LUMINANCE Internacional 5.4 Chocolate Paquete 2un;31.3
Tinte para Cabello LUMINANCE Internacional 7.0 Rubio Mediano Paquete 2un;31.3
Tinte para Cabello LUMINANCE Internacional 3.0 Castaño Oscuro Paquete 2un;31.3
Desodorante para Hombre en Crema SPEED STICK Clínico Cream Barrel Frasco 55g;22.5
Máquina de Afeitar GILLETTE VENUS Platinum Care Paquete 1un;39.9
Repuestos para Afeitar Gillette Venus Platinum Care Paquete 2un;39.9
Cera Depilatoria DEPILÉ Microondas Calendula y Orquídea Caja 200g;44.7
Cera Depilatoria DEPILÉ Olla Vainilla Caja 200g;44.9
Protectores TENA Discreet Largo Paquete 50un;23.8
Acondicionador HERBAL ESSENCES Frasco 250ml;34.9
Shampoo HERBAL ESSENCES Bio:Renew Bourbon Manuka Honey Botella 400ml;34.9
Shampoo HEAD & SHOULDERS Fuerza de Raíz Frasco 1L;41.9
Pack FRUCTIS Hair Food Coco Shampoo Frasco 300ml + Crema de Tratamiento Frasco 350ml;42.9
Vitamina en Polvo EFER-C Vitamina C Naranja Caja 12un;16.7
Comprimidos Efervescentes REDOXON Vitamina C Tubo 45g x 3un;32.8
Tinte para Cabello EXCELLENCE Mujer 8.12 Rubio Claro Cenizo Perla Caja 1un;27.9
Tinte para Cabello EXCELLENCE Mujer 7.12 Rubio Cenizo Perla Caja 1un;27.9
Tinte para Cabello EXCELLENCE Mujer 8.17 Rubio Claro Cenizo Mate Caja 1un;27.9
Tinte para Cabello EXCELLENCE Mujer 7.17 Rubio Cenizo Mate Caja 1un;27.9
Toallas Higiénicas NOSOTRAS Invisible Multiestilo Paquete 10un;8.2
Tinte IGORA BRILLANCE 688i Rubio Profundo Caja 145ml;28.9
Tinte para Cabello JUST FOR MEN Castaño Caja 28g;49.09
Tinte para Cabello JUST FOR MEN Negro Caja 28g;49.09
Espuma de Afeitar NIVEA Men Deep - Frasco 200ml;36.6
Tinte para Cabello GREEN CODE 7.1 Rubio Mediano Cenizo Caja 1un;27.0
Tinte para Cabello GREEN CODE 6.35 Rubio Oscuro Chocolate Caja 1un;27.0
Tinte para Cabello GREEN CODE 6.0 Rubio Oscuro Natural Caja 1un;27.0
Tinte para Cabello GREEN CODE 5.0 Castaño Claro Natural Caja 1un;27.0
Tinte para Cabello GREEN CODE 7.0 Rubio Mediano Natural Caja 1un;27.0
Gel Cobertor LIFE FOR MEN Black Tubo 80ml;28.9
Tinte para Cabello LIFE FOR MEN Negro Tubo 150ml;25.9
Tinte para Cabello EXCELLENCE Negro 2 Caja 1un;27.9
Acondicionador FRUCTIS Hair Food Coco Frasco 300ml;27.9
Bálsamo After shave NIVEA Men Deep - Frasco 100ml;44.5
Máquina de Afeitar SCHICK Xtreme3 Ultimate Ecológico Blíster 4un;21.5
Tónico Capilar TONNO Control Caída Frasco 95ml;29.9
Polvo Instantáneo de Tarwi TARWI FOODS Doypack 250g;19.5
Ropa Interior PRUDENTIAL Pants Adulto Talla M Paquete 18un;43.0
Tinte para Cabello LIFE FOR MEN 01 Negro;34.9
Toallas Femeninas Nocturna Suave ALWAYS G Paquete 32un;20.5
Acondicionador HASK Coconut Oil frasco 355ml;48.4
Acondicionador KATIVA Bálsamo de Keratina Frasco 1000ml;52.9
Tinte IGORA BRILLANCE 101 Negro Noche Caja 145ml;28.9
Tinte IGORA BRILLANCE 100 Negro Caja 145ml;28.9
Tinte IGORA BRILLANCE 568 Chocolate Místico Caja 145ml;28.9
Tinte IGORA VITAL 7-1 Rubio Mediano Cenizo Caja 125ml;28.9
Tinte IGORA BRILLANCE 606 Chocolate Intenso Caja 145ml;28.9
Tinte IGORA BRILLANCE 688 Rojo Rubí Caja 145ml;28.9
Tinte IGORA VITAL 7-11 Rubio Mediano Cenizo Intenso Caja 125ml;28.9
Tinte IGORA BRILLANCE 668 Chocolate Imperial Caja 145ml;28.9
Tinte IGORA VITAL 9-1 Rubio Extra Claro Cenizo Caja 125ml;28.9
Tinte IGORA VITAL 6-68 Chocolate Caja 125ml;28.9
Tinte IGORA VITAL 8-11 Rubio Claro Cenizo Profundo Caja 125ml;28.9
Tinte IGORA VITAL 8-00 Rubio Claro Caja 125ml;28.9
Tinte IGORA VITAL 7-00 Rubio Mediano Caja 125ml;28.9
Tinte IGORA VITAL 8-1 Rubio Claro Cenizo Caja 125ml;28.9
Tinte IGORA VITAL 6-34 Chocolate Dorado Caja 125ml;28.9
Máquina de Afeitar SCHICK Quattro For Women Travel Sensi + Repuesto 2un;31.9
Shampoo y Acondicionador NOPUCID contra Piojos Frasco 60ml;20.59
Acondicionador HASK Argan Oil Morocco Frasco 355ml;48.4
Shampoo Coconut KATIVA Frasco 1L;52.9
Tinte PALETTE PERFECT GLOSS 389 Cereza Profundo Caja 115ml;20.9
Acondicionador KATIVA Aceite de Argán Frasco 1L;52.9
Acondicionador TONNO Lisos Admirables Frasco 400ml;25.9
Desodorante para Mujer en Aerosol LEA Women Invisible Frasco 150ml;10.2
Shampoo TONNO Rizos Definidos Frasco 400ml;25.9
Desodorante para Mujer en Aerosol LEA Women Dermo Sensitive Frasco 150 ml;10.2
Desodorante para Mujer en Aerosol LEA Women Dry Care Frasco 150ml;10.2
Shampoo HASK Dry Coconut Frasco 122g;50.9
Jabón en Barra ASEPXIA Bicarbonato de Sodio Paquete 100g;14.9
Shampoo HERBAL ESSENCES Bio:Renew Chamomile Frasco 400ml;34.9
Shampoo HAPPY ANNE Super Reconstructor Coco Frasco 340ml;14.9
Acondicionador HAPPY ANNE Extra Fortalecedor Keratina Frasco 340ml;14.9
Acondicionador HAPPY ANNE Super Reconstructor Coco Frasco 340ml;14.9
Acondicionador HAPPY ANNE Ultra Nutritivo Argan Frasco 340ml;14.9
Shampoo HAPPY ANNE Ultra Nutritivo Argan Frasco 340ml;14.9
Desodorante para Mujer en Roll On NIVEA Invisible B&W Toque de Seda Frasco 50ml;14.9
Talco Efficient Antibacterial REXONA Frasco 200g + Talco 60g;22.9
Crema Depilatoria Corporal DEPILÉ Frutos Rojos Tubo 150ml;34.7
Talco para Pies ISANA Mentolado Frasco 60g Paquete 2un;13.7
Gel para Barba THE BARBERIA Hard Pre Caída Frasco 220ml;13.9
Gel Antibacterial INSTANT CLEAN Bebé Frasco 1L;21.9
Jabón Exfoliante ACNOMEL Barra 100g;8.5
Tampones NOSOTRAS Sensitive Regular Con Aplicador Paquete 8un;14.6
Desodorante para Hombre en Spray SPEED STICK Clínical Frasco 93g;18.0
Shampoo BIOTEC Spiderman 3 en 1 Frasco 350ml;19.9
Gel Antitranspirante para Hombre GILLETTE Hydra Gel Aloe 82g;20.9
Desodorante para Hombre Body Spray en Aerosol OLD SPICE Mar Profundo Frasco 150ml;15.5
Desodorante para Hombre Antitranspirante en Aerosol OLD SPICE Mar Profundo Frasco 150ml;15.5
Cepillo de Dientes COLGATE Slimsoft Advance 2un;24.5
Pasta Dental COLGATE Natural Extracts Purificante Caja 90g;12.9
Tinte para Cabello SOFT COLOR Sin Amoníaco 46 Borgoña Caja 1un;29.9
Tinte para Cabello SOFT COLOR Sin Amoníaco 67 Chocolate Caja 1un;29.9
Tinte para Cabello SOFT COLOR Sin Amoníaco 63 Caramelo Medio Caja 1un;29.9
Tinte para Cabello SOFT COLOR Sin Amoníaco 30 Castaño Oscuro Caja 1un;29.9
Tinte para Cabello SOFT COLOR Sin Amoníaco 20 Negro Caja 1un;29.9
Tinte para Cabello SOFT COLOR Sin Amoníaco 28 Negro Azúl Caja 1un;29.9
Tinte para Cabello SOFT COLOR Sin Amoníaco 5554 Cobrizo Caja 1un;29.9
Jabón Líquido Antibacterial FROSCH Hipoalergénico Frasco 300ml;15.6
Tinte para Cabello GARNIER NUTRISSE Café Delicia 41 Caja 1un;19.9
Gel para Afeitar GILLETTE Mach3 Senstive Frasco 200ml Paquete 2un;58.9
Shampoo BALLERINA Palta y Almendra Doypack 900ml;10.9
Acondicionador TONNO Control Caída Frasco 400ml;25.9
Loción Capilar Mujer BIOCRES Evolution Caja 200ml;59.9
Máquina de Afeitar Recargable GILLETTE Mach3 AquaGrip con 2 repuestos;26.9
Cera para Cabello LIFE FOR MEN Gel Wax Frasco 60g;23.9
Loción Capilar BIOCRES Acción Anticaída Frasco 200ml;59.9
Gel EGO Extreme Max Frasco 100g;5.9
Shampoo KATIVA Keratina Frasco 250ml;20.9
Shampoo KATIVA Coconut Frasco 250ml;20.9
Acondicionador KATIVA Coconut Frasco 250ml;20.9
Acondicionador KATIVA Argan Oil Frasco 250ml;20.9
Shampoo KATIVA Argan Oil Frasco 250ml;20.9
Acondicionador KATIVA Keratina Frasco 250ml;20.9
Acondicionador JOHN FRIEDA Daily Nourishment Frasco 236ml;53.9
Retocador de Raíces SCHWARZKOPF Castaño Frasco 120ml;32.9
Retocador de Raíces SCHWARZKOPF Castaño Oscuro Frasco 120ml;32.9
Suplemento Nutricional SUPERFOOD Cacao +NUTRI Co Bolsa 250g;22.9
Suplemento Nutricional SUPERFOOD Vainilla +NUTRI Co Bolsa 250g;22.9
Crema para Peinar SAVITAL Multivitaminas & Sábila Frasco 275ml;11.5
Máquina para Afeitar Desechable GILLETTE Venus Suave 6 Unidades;39.9
Tinte para Cabello JUST FOR MEN Control Gradual Caja 1un;49.09
Crema Corporal Depilatoria DEPILÉ Rosa Mosqueta y Aceites Esenciales Tubo 150ml;33.1
Crema para Peinar SAVITAL Colágeno y Sábila Frasco 275ml;11.5
Tinte para Cabello EXCELLENCE Creme 7.11 Rubio Cenizo Profundo Caja 1un;27.9
Repelente en Crema OFF Extra Duración Frasco 200g;24.9
Repelente en Crema OFF con Aloe Vera Frasco 60g;9.5
Colonia para Mujer BEL NATUR Frasco 1L;48.4
Tinte para Cabello EXCELLENCE Creme 5.1 Castaño Claro Cenizo Caja 1un;27.9
Tinte para Cabello EXCELLENCE Creme 3 Castaño Oscuro Caja 1un;27.9
Tinte para Cabello GARNIER Nutrisse 51 Castaño Claro Cenizo Profundo Caja 1un;19.9
Pañal para Adulto TENA Slip Ultra Incontinencia Fuerte Talla S Paquete 21un;62.9
Crema Corporal Depilatoria DEPILÉ Aloe Vera y Argán Tubo 150ml;33.1
Colonia para Mujer BOREAL Cítrica Frasco 250ml;7.9
Tinte para Cabello EXCELLENCE Extra Profundo 677 Chocolate Puro Caja 1un;27.9
Tinte para Cabello EXCELLENCE Creme 6.1 Rubio Oscuro Cenizo Caja 1un;27.9
Shampoo HEAD & SHOULDERS Suave y Manejable Frasco 375ml + 180ml;26.5
Bandas Depilatorias Corporales DEPILÉ Piel Seca Paquete 6un;23.5
Desodorante para Hombre en Roll On SPEED STICK 24/7 Cool Night Frasco 50ml;13.9
Tinte PALETTE PERFECT GLOSS 600 Rubio Sensación Caja 115ml;20.9
Colonia SPIDERMAN Frasco 175ml;19.9
Tinte para Cabello PALETTE Perfect Gloss Color 200 Negro Espresso Caja 1un;20.9
Desodorante para Hombre Spray NIVEA Fresh Ice Male Frasco 150ml;14.9
Shampoo HEAD & SHOULDERS Limpieza Renovadora Frasco 375ml + Frasco 180ml;26.5
Desodorante para Mujer Spray LADY SPEED STICK Powder Fresh Frasco 91g;11.9
Protectores Diarios KOTEX Discretos Big Pack Paquete 150un;19.5
Ampolla PLACENTA LIFE Argan Paquete 4un;21.9
Acondicionador TÍO NACHO Sistema Engrosador Frasco 415ml;29.9
Shampoo TÍO NACHO Sistema Engrosador Frasco 415ml;29.9
Shampoo JOHN FRIEDA Miraculous Recovery Frasco 250ml;57.5
Acondicionador JOHN FRIEDA Miraculous Recovery Frasco 250ml;57.5
Máquina de Afeitar GILLETTE Fusion 5 Proshield Paquete 1un;39.9
Hansaplast Talco Desodorante para Pies Foot Expert 300g;26.6
Máquina de Afeitar SCHICK Quattro Titanium Sensitive Blíster 1un;15.9
Gel de Afeitar GILLETTE Mach3 Complete Defense Suave Frasco 198g;36.9
Preservativos DUREX Invisible Caja 3un;13.1
Preservativos DUREX Clásico Caja 3un;9.0
Desodorante para Mujer en Aerosol LADY SPEED STICK Derma + Vitamina E Frasco 91g;11.9
Preservativos DUREX Climax Mutuo Caja 3un;13.7
Desodorante para Hombre Body Spray en Aerosol OLD SPICE Leña Frasco 150ml;15.5
Desodorante para Hombre Antitranspirante en Spray OLD SPICE Leña con Fragancia de Menta Frasco 150 ml;15.5
Desodorante para Hombre en Barra OLD SPICE Leña Frasco 50g;14.9
Tinte para Cabello EXCELLENCE Creme 6.3 Rubio Oscuro Dorado Caja 1un;27.9
Tinte para Cabello EXCELLENCE Creme 1 Negro Caja 1un;27.9
Desodorante Antitranspirante en Spray OLD SPICE VIP Frasco 150ml;15.5
Desodorante para Hombre en Barra OLD SPICE VIP Frasco 50g;14.9
Desodorante para Hombre Body Spray en Aerosol OLD SPICE Pure Sport Frasco 150ml;15.5
Desodorante para Hombre en Spray OLD SPICE VIP Frasco 150ml;15.5
Crema para Peinar SEDAL Ceramidas Frasco 300ml;10.9
Desodorante para Hombre en Aerosol REXONA V8 Frasco 150ml;12.9
Repuesto de Máquina de Afeitar GILLETTE Mach 3 Sensitive Paquete 3un;34.9
Colonia para Hombre BRUT Classic Frasco 100ml;46.4
Tinte para Cabello PLACENTA LIFE For Men 4 Castaño Caja 1un;34.9
Máquina de Afeitar SCHICK Quattro Titanium 4 Paquete 2un;15.6
Máquina de afeitar SCHICK Intuition sensitive Paquete 1un;28.9
Espuma de Afeitar NIVEA Men Protect & Care Frasco 200ml;36.6
Máquina de Afeitar SCHICK Ultrex Piel Sensible + 5 Repuestos;14.9
Espuma de Afeitar GILLETTE Sensitive Frasco 155ml;24.9
Desodorante Bucal BUK-AL Cool Mint Envase 4ml;9.8
Jabón ASEPXIA Azufre Barra 100g;11.9
Cepillo de Dientes AQUAFRESH Little Teeth Paquete 1un;13.2
Máquina de Afeitar SCHICK Xtreme 3 Piel Delicada Paquete 4un;22.9
Espuma BRUT Pien Sensible Frasco 200g;23.0
Repuesto SCHICK Quattro Titanium 4 Caja 2un;20.5
Máquina de Afeitar SCHICK Xtreme 3 Piel Sensible Paquete 6un;35.9
Máquina de Afeitar SCHICK Quattro Titanium desachable Paquete 2un;16.9
Desodorante para Hombre OLD SPICE Fresh Frasco 50g;14.9
Desodorante para Hombre en Barra OLD SPICE Wolfthorn Frasco 50g;14.9
Desodorante para Hombre Body Spray en Aerosol OLD SPICE Wolfthorn Frasco 150ml;15.5
Antitranspirante para Hombre en Spray GILLETTE Cool Wave 150ml;15.9
Spray Antitranspirante para Hombre OLD SPICE Frasco 150ml;15.5
Desodorante para Hombre en Barra OLD SPICE Champion Frasco 50g;14.9
Gel Lubricante DUREX de Placer Play Cerezas de Pasión Frasco 50ml;21.1
DUREX Anillo Vibrador Caja 1un;35.3
Colonia para Mujer HENO DE PRAVIA Original Frasco 1L;42.9
Gel Antitranspirante para Hombre GILLETTE Active Fresh Cool Wave 82g;20.9
Crinoanalgésico NOBEL Ice Spray Frasco 250ml;67.0
Desodorante para Hombre Body Spray en Aerosol OLD SPICE Fresh Frasco 150ml;15.5
Desodorante para Hombre Body Spray en Aerosol OLD SPICE Champion Frasco 150ml;15.5
Desodorante Aerosol para Pies DEO PIES Piedralumbre Natural Frasco 260ml;28.6
Desodorante para Mujer en Roll On NIVEA Tono Natural Beauty Touch Frasco 50ml;14.9
Gel Antitranspirante para Hombre GILLETTE Specialized Cool Wave Frasco 82g;20.9
Colonia para Mujer BEL NATUR para Baño Original Botella 245ml;22.0
Gel de Ducha BABARIA Almendras Frasco 600ml;20.9
Crema para Peinar RECAMIER Vitane Hidrovance Lipocat Frasco 300g;19.5
Shampoo RECAMIER Vitane Restauración 6 en 1 Frasco 400ml;25.5
Acondicionador RECAMIER Vitane Restauración 6 en 1 Frasco 400ml;25.5
Crema para Peinar KONZIL Suavidad y Brillo Seda Líquida Frasco 230ml;8.9
Toallas Femeninas Suave ALWAYS M Paquete 8un;5.2
Tinte IGORA VITAL 6-1 Rubio Oscuro Cenizo Caja 125ml;28.9
Tinte IGORA VITAL 6-00 Rubio Oscuro Caja 125ml;28.9
Tinte IGORA VITAL 4-0 Castaño Medio Caja 125ml;28.9
Tinte IGORA VITAL 1-0 Negro Caja 125ml;28.9
Protectores Diarios NOSOTRAS Multiestilo Paquete 60un;14.6
Acondicionador RECAMIER Vitane Mujer Anticaída Frasco 400ml;25.5
Shampoo RECAMIER Vitane Mujer Anticaída Frasco 400ml;25.5
Crema para Peinar PANTENE Restauración Frasco 300ml;20.9
Ampolla PLACENTA LIFE Men Control Caída Caja 4un;20.9
Tinte IGORA BRILLANCE 701 Rubio Medio Cenizo Caja 145ml;28.9
Tinte IGORA VITAL 5-0 Castaño Claro Caja 125ml;28.9
Tinte PALETTE COLOR CREAM 8-1 Rubio Claro Cenizo Caja 170ml;20.9
Tinte para Cabello CASTING Creme Gloss 600 Rubio Oscuro Caja 1un;30.9
Tinte para Cabello CASTING Creme Gloss 630 Caramelo Caja 1un;30.9
Pañales para Adultos PLENITUD Protect M Hasta 70 Kg Paquete 20un;62.9
Seda Dental REACH Regular 50mts;14.8
Cepillo Dental ORAL-B Kid Stages 3+ Paquete 1un;13.0
Tinte para Cabello GARNIER Nutrisse 50 Castaña Caja 1un;19.9
Flexacil Ultra 3 Pack para Molestias Articulares y Óseas;247.0
Flexacil Ultra - Pack x6 - para Molestias Articulares y Oseas;395.0
Myo-inositol & D-chiro Inositol Pastillas Apoyo Mujer 120 capsulas - INTIMATE ROSE;209.0
Hgh Releasing - Xtralife Natural Products - 120 Tabletas;185.0
Proteína Universe Nutrition Whey Pro 1100gr Vainilla + Shaker;50.9
Proteína Whey Pro 1.1 Kg Cookies + Soga Para Saltar Con Contador FLF;59.0
Proteína Whey Pro 1.1 Kg Chocolate + Soga Para Saltar Con Contador FLF;59.0
Glutation 500 mg (60 Cápsulas) – Life Extension;216.1
ISO- XP 100% Proteina isolatada sabor vainilla;219.9
Glutamina Universe Nutrition Glutabolic 500gr + Shaker;69.9
Quemador De Grasa Universe Nutrition X-B 15 Unid. Piña;64.9
Quemador De Grasa Universe Nutrition X-B 15 Unid. Blueberry;64.9
Creatina Universe Nutrition Creabolic 500gr + Shaker;79.9
Creatina Level Pro Crea Pure 500gr + Shaker;109.9
Combo UN - Nitro Whey 5000gr. Cookie + Pro Bcaa 6000 500gr Fruit Punch + Glutabolic 500gr + Shaker;389.9
Proteína Universe Nutrition Whey Pro 1100gr Chocolate + Shaker;54.9
Pre Entreno Supreme Nutrition Supreme Pump Caja 20 Unid Blueberry;39.9
Pre Entreno Supreme Nutrition Supreme Pump 500gr Fruit Punch + shaker;104.9
Pre Entreno Level Pro Pre Boost 400gr Watermelon + Shaker;94.9
Candiseptic® Kit - NaturalSlim;659.0
Glyconorm 3 Pack Alivia y Controla Síntomas de Diabetes;268.0
Zeaxan 3 Pack Cuidado para Tu Salud Ocular;268.0
Creatina Kevin Levrone Monohidratada Micronizada 500GR;96.9
Flexacil Ultra para Molestias Articulares y Oseas;149.0
Aminoácidos Universe Nutrition Pro Bcaa 6000 1000gr Fruit Punch + Shaker;119.9
Proteína Universe Nutrition Iso Whey 90 1200gr Chocolate + Shaker;119.9
Proteína Whey Pro 1.1 Kg Vainilla + Soga Para Saltar Con Contador FLF;54.0
Aminoácido Amino Energy 585 gr Optimum Nutrition;272.0
Quemador De Grasa Fitfem Collagen Fit 15 Unid. Blueberry;64.9
Quemador De Grasa Universe Nutrition X-B 15 Unid. Guaraná;64.9
Aminoácidos Universe Nutrition Pro Bcaa 6000 Caja 30 Unid Fruit Punch + Shaker;64.9
Creatina Universe Nutrition Creabolic 1000gr + Shaker;144.9
Proteína Universe Nutrition Iso Whey 90 5000gr Cookie + Shaker;359.9
Proteína Universe Nutrition Bigm 5000gr Chocolate + Shaker;134.9
Pre Entreno Supreme Nutrition Supreme Pump Caja 20 Unid Fruit Punch;39.9
Glutamina ADN Nutrition Glutadn 500gr Natural + Shaker;69.9
Nitrox Pre-Wordkout Energy Nutrition 500G Fruit Punch + Shaker;154.9
Glyconorm 6 Pack Alivia y Controla Síntomas de Diabetes;396.0
Cardiox para Presión Arterial 3 Pack;268.0
PROTEÍNA WHEY PRO 5 KG VAINILLA + CREATINA UNIVERSAL NUTRITION;197.0
Creatina Monohidratada Micronizada Optimum Nutrition 300gr;125.0
Flexacil Ultra para Molestias Articulares y Oseas 4 Pack;350.0
Neuro-Mag® Magnesium L-Threonate;259.0
Metabolic Vitamins™ - NaturalSlim;349.0
Ganador de Masa Universe Nutrition Bigm 3 Kg Cookies;109.9
Creatina ADN Nutrition Creadn 500gr + Shaker;79.9
Proteína Universe Nutrition Soja Complex 1500gr Cookie + Shaker;59.9
Proteína Universe Nutrition Nitro Whey 3000gr Chocolate + Shaker;159.9
Aminoácidos Supreme Nutrition Supreme Bcaa 1000gr Blueberry + shaker;189.9
Proteína Universe Nutrition Iso Whey 90 5000gr Chocolate + Shaker;359.9
Proteína Universe Nutrition Iso Whey 90 3000gr Vainilla + Shaker;239.9
Proteína ADN Nutrition Soy Vegan Protein 1500gr Chocolate + Shaker;59.9
Pre Entreno Universe Nutrition Nox-Up Intenze 1000gr Citrus Punch + Shaker;99.9
Pre Entreno Pre Entreno Level Pro Pre Boost 400gr Blueberry + Shaker;94.9
Combo Supreme Nutrition - Supreme Glut 500gr + Supreme Creat 500gr + Shaker;199.9
Myo-inositol & D-chiro Inositol 40:1 Intimate Rose en polvo;179.0
Luteina 20mg Con Zeaxantina Carlyle 300 Softgels;169.0
Myo-inositol & D-chiro Inositol 2050mg en polvo 61.8 G;199.0
Creatina Monohidratada Kevin Levrone 300GR;66.5
Good Flora Probióticos Natural Slim 60 Capsulas;215.0
Proteína Iso Whey 90 1.1kg Chocolate Universe Nutrition;134.9
Aminoácidos Universe Nutrition Pro Bcaa 6000 500gr Naranja + Shaker;84.9
Pre Entreno ADN Nutrition Preadn Hardcore 600gr Naranja + Shaker;74.9
Proteína ADN Nutrition Iso Pro Whey 3000gr Vainilla + Shaker;239.9
Pre Entreno Universe Nutrition Nox-Up Intenze 600gr Uva + Shaker;74.9
Proteína Universe Nutrition Iso Whey 90 3000gr Chocolate + Shaker;239.9
Proteína Universe Nutrition Bigm 5000gr Cookie + Shaker;134.9
Proteína para Niño ADN Nutrition Early Pro 500gr Vainilla;29.9
Aminoácidos Level Pro  Bcaa Level 8000 1000gr Watermelon + Shaker;189.9
Nepro AP Suspensión Oral Sabor Vainilla - Lata 237 ML;19.5
Glutamina Glutabolic 500Gr;150.0
MagicMag NaturalSlim 226g;204.0
Vitamina B12 NATURALSLIM Sublingual 2500 mcg Plus Vitamina D3 - Metilcobalamina oral;229.0
Bisglicinato De Magnesio 665 Mg Carlyle 250 Capsulas;189.0
Zeaxan 6 Pack Cuidado para Tu Salud Ocular;396.0
Proteína Whey Pro 3kg Vainilla Universe Nutrition;124.9
Aminoácidos Universe Nutrition Pro Bcaa 6000 1000gr Naranja;144.9
LGlutamine Powder 600gr Limited Edition;149.0
Pre-Entreno Nox-Up Intenze 1kg Uva Universe Nutrition;300.0
Pre-Entreno Nox-Up Intenze 1kg Fruit Punch Universe Nutrition;300.0
Pre-Entreno Universe Nutrition Nox-Up Intenze 600gr Mora;150.0
Pre-Entreno Universe Nutrition Nox-Up Intenze 600gr Citrus Punch;150.0
Pre-Entreno Universe Nutrition Nox-Up Intenze 600gr Fruit Punch;150.0
Proteína Universe Nutrition Iso Whey 90 1200gr Cookie + Shaker;119.9
Proteína Fitfem Iso Fit 1200gr Chocolate + Shaker;119.9
Proteína Universe Nutrition Bigm 5000gr Vainilla + Shaker;134.9
Proteína para Niños Universe Nutrition Biogen NF 500gr Vainilla;29.9
Quemador de Grasa Diabolus Caja 28 Unidades Maracuyá;100.0
Melatonin Sleep 10mg, 100 tabletas;139.0
PROTEÍNA WHEY PRO 5 KG COOKIES + CREATINA UNIVERSAL NUTRITION;199.0
Aceite de pescado Omega 3 4200 mg, 180 cápsulas blandas - Naturabell;249.0
Pre-Entreno Nox-Up Intenze 1kg Mora Universe Nutrition;134.9
Ashwagandha - Xtralife Natural Products - 60 Cápsulas;79.0
Pre-Entreno Universe Nutrition Nox-Up Intenze 600gr Uva;150.0
Pre-Entreno Nox-Up Intenze 1kg Citrus Punch Universe Nutrition;300.0
Proteína Supreme Nutrition Supreme Isolate 3 Libras Vainilla + shaker;144.9
Proteína Fitfem Iso Fit 1200gr Vainilla + Shaker;119.9
Aminoácidos Universe Nutrition Pro Bcaa 6000 1000gr Naranja + Shaker;119.9
Aminoácidos Supreme Nutrition Supreme Bcaa 500gr Fruit Punch + shaker;114.9
Proteina Universe Nutrition Iso Whey 1.2 Kg Lucuma + 2 Botellas de Quemador;179.9
Glutamina Vitafor Glutamax 300 gramos;110.0
Proteína Whey Pro 5Kg Cookies and Cream;179.9
Quemador de Grasa Fitfem Collagen Fit Pack 60 Blueberry;200.0
Quemador de Grasa Fitfem Collagen Fit Pack 45 Blueberry;200.0
Quemador de Grasa Fitfem Colagen Fit Pack 30 Blueberry;100.0
Quemador de Grasa Fitfem Colagen Fit Pack 15 Blueberry;50.0
Quemador de Grasa Diabolus Caja 28 Unidades Maracuyá X 2;200.0
PROTEÍNA WHEY PRO 5 KG CHOCOLATE + CREATINA UNIVERSAL NUTRITION;199.0
Creatina Monohidratada Micronizada Evogen 300gr 60 servicios;95.0
Nad Nicotidamina +Resveratrol Alta Pureza 500 mg 60 capsulas;359.0
Suplemento de resveratrol 1800 mg Carlyle 180 Capsulas;215.9
Qunol Ultra Coq10 Coenzima Q10 100mg 120 capsulas;235.0
Magnesium Glycinate 500mg, 240 Capsulas - Naturabell;219.0
Papaya Cleanse 6 Pack Elimina Toxinas y Parasitos;396.0
Pre-Entreno Universe Nutrition Nox-Up Intenze 1000gr Fruit Punch;134.9
Pre-Entreno Universe Nutrition Nox-Up Intenze 1000gr Citrus Punch;134.9
Pre-Entreno Nox-Up Intenze 600gr Uva Universe Nutrition;84.9
Pre-Entreno Nox-Up Intenze 600gr Fruit Punch Universe Nutrition;84.9
Pre-Entreno Nox-Up Intenze 600gr Citrus Punch Universe Nutrition;84.9
Proteína Level Pro Mass Pro 6.6 Libras Rich Chocolate + Shaker;154.9
Proteína Universe Nutrition Nitro Whey 1200gr Vainilla + Shaker;79.9
Proteína Universe Nutrition Nitro Whey 1200gr Chocolate + Shaker;79.9
Proteína Universe Nutrition Bigm 3000gr Chocolate + Shaker;94.9
Proteína Level Pro Mass Pro 12 Libras Vanilla Creme + Shaker;239.9
Aminoácidos Level Pro  Bcaa Level 8000 Caja 30 Unid Fruit Punch;94.9
Aminoácidos ADN Women'S Bcaa'S Women'S 500gr Fruit Punch + Shaker;84.9
Ganador de Masa Bigm 2Kg Vainilla;150.0
Quemador de Grasa Ultrafem 66 Caps;120.0
Pack 3x2 Omega 3 6 y 9 DHA ARA EPA Colina y Ácido Fólico Gummies Kids;148.9
Liposomal Nad+ Resveratrol 1500 Mg Wellness 90 capsulas;259.0
Pre-Workout Overdrive Sweet Frambuesa en Polvo;99.9
L-Glutamina 6000 mg en Polvo QNT;79.9
Krill Oil 2000mg 120 Capsulas + Omega 3 - Carlyle;189.0
Pre-Entreno Universe Nutrition Nox-Up Intenze 1000gr Uva;134.9
Ácido Hialurónico - Xtralife Natural Products - 60 Cápsulas;84.0
Proteína Level Pro Iso Gold Whey 2.650 Libras Vanilla Creme + Shaker;139.9
Aminoácidos Universe Nutrition Pro Bcaa 6000 Caja 30 Unid Naranja + Shaker;64.9
Quemador de Grasa Universe Nutrition X-B Pack 45 Unid Piña;200.0
Ganador de Masa Fitmass 2kg Chocolate;89.9
Quemador de Grasa Universe Nutrition X-B Pack 45 Unid Guaraná;150.0
Ganador de Masa Bigm 5Kg Cookies and Cream;300.0
Quemador de Grasa Universe Nutrition X-B Pack 45 Unid Blueberry;200.0
Quemador de Grasa Universe Nutrition X-B Pack 30 Unid Piña;100.0
Ganador de Masa Bigm 3Kg Vainilla;200.0
Ganador de Masa Bigm 3Kg Cookies and Cream;200.0
Impact  Whey Isolate 2.5kg Chocolate + Creatina 250g + Shaker 400ml;459.0
Colageno Hidrolizado Aleman Premium Viscofan Collinstant 500gr;98.0
Ashwagandha Pimienta Negra Capsulas 5200mg Estres Y Ansiedad;179.0
Melatonin 140 Gomitas - 10mg - NATROL;219.0
Helpzymes® - NaturalSlim;225.0
Glyconorm Alivia y Controla Síntomas de Diabetes;149.0
Creatina Innovate Nutrition Crea One 500gr + Shaker;79.9
Combo Innovate Nutrition - One Mass 5000gr Chocolate + Crea One 500gr + Shaker;204.9
Proteína Level Pro Iso Gold Whey 2.650 Libras Rich Chocolate + Shaker;139.9
Ganador de Masa Bigm 5Kg Vainilla;300.0
Ganador de Masa Fitmass 5kg Vainilla;300.0
Quemador de Grasa Universe Nutrition X-B Pack 60 Unid Guaraná;200.0
Ganador de Masa Fitmass 5kg Chocolate;300.0
Quemador de Grasa Universe Nutrition X-B Pack 60 Unid Blueberry;200.0
Creatina 1kg My Protein + Shaker 600ml + Pulsera;279.0
Goli Ashwagandha Gummies 60 gomitas;159.9
Carlyle aceite de Oregano 4000mg 150 Softgels;139.0
Células Madres Stem Cells 60 cápsulas;160.0
Proteína Universe Nutrition Whey Pro 5000gr Vainilla;179.9
Proteína Universe Nutrition Soja Complex 1500gr Vainilla + Shaker;59.9
Proteína Universe Nutrition Iso Whey 90 1200gr Vainilla + Shaker;119.9
Proteína ADN Nutrition Soy Vegan Protein 1500gr Vainilla + Shaker;59.9
Pre Entreno Universe Nutrition Nox Up 600 Gr Fruit Punch + 2 Botellas de Quemador;129.9
Quemador De Grasa Energy Nutrition Xfit Collagen Pack 15 Unid. Fruit Punch;69.0
Quemador de Grasa Universe Nutrition X-B Pack 15 Unid Guaraná;50.0
Quemador de Grasa Xtreme NF 66 Caps X 2;200.0
Quemador de Grasa Xtreme NF 66 Caps;100.0
Aminoácido Bcaa One 6.0 500Gr Naranja x 2;300.0
Aminoácido Bcaa One 6.0 500Gr Fruit Punch x 2;300.0
Aminoácido Bcaa One 6.0 500Gr Fruit Punch;150.0
Impact Whey Gainer Chocolate 2.5kg + Creatina 250g + Shaker 400ml;239.0
Naturalslim Testosterin 180 Capsulas;349.0
Barra con Proteínas QNT Crunchy Bar Fresa;9.9
Collagen Plus Biotin Youtheory 390 tabletas;220.0
Proteína Universe Nutrition Bigm 5000gr Vainilla;159.9
Citrato de magnesio  Smart Blends x 400 gr;106.0
Proteína Universe Nutrition Nitro Whey 3000gr Vainilla + Shaker;159.9
Proteína para Niños Universe Nutrition Biogen NF 500gr Chocolate;29.9
Pre Entreno ADN Nutrition Preadn Hardcore Caja 10 Unid Naranja;44.9
Pre Entreno ADN Nutrition Preadn Hardcore Caja 10 Unid Fruit Punch;44.9
Pre Entreno ADN Nutrition Preadn Hardcore 600gr Fruit Punch + Shaker;74.9
Pre Entreno Universe Nutrition Nox Up 600 Gr Citrus Punch + 2 Botellas de Quemador;129.9
Ganador de Masa Universe Nutrition Bigm 5 Kg Vainilla + 2 Botellas de Quemador;199.9
Ganador de Masa Fitfem Fit Mass 2 Kg Chocolate + 2 Botellas de Quemador;134.9
Ganador de Masa Universe Nutrition Bigm 5 Kg Chocolate + 2 Botellas de Quemador;199.9
Ganador de Masa Fitfem Fit Mass 5 Kg Chocolate + 2 Botellas de Quemador;199.9
Aminoácido Pro Bcaa 6000 400Gr Fruit Punch;150.0
Aminoácido Pro Bcaa 6000 400Gr Citrus Punch;150.0
Aminoácido Pro Bcaa 6000 1Kg Manzana;300.0
Aminoácido Pro Bcaa 6000 1Kg Fruit Punch;300.0
Aminoácido Pro Bcaa 6000 1Kg Citrus Punch;300.0
Creatina Monohidratada Certificada Applied Nutrition 250GR;63.0
Omega-3 Triple Fuerza 1040mg (90 Softgels) – Sports Research;243.1
COLÁGENO RENOVA+ CON BIOPEPTIDOS ACTIVOS;159.0
Liluama 20 Cápsulas 1 Caja;135.0
Creatina Impact Monohidratada Myprotein 250gr;76.0
Creatina monohidrata CREAFORT;150.0
Alphaman Aumenta Tu Potencia;149.0
Proteína Innovate Nutrition Lady Pro 1100gr Chocolate + Shaker;79.9
Pre Entreno Supreme Nutrition Supreme Pump 500gr Watermelon + shaker;104.9
Pre Entreno Supreme Nutrition Supreme Pump 500gr Blueberry + shaker;104.9
Pre Entreno Level Pro Pre Boost 400gr Naranja + Shaker;94.9
Pre Entreno Level Pro Pre Boost 400gr Fruit Punch + Shaker;94.9
Pre Entreno Innovate Nutrition One Pre Nox 500gr Fruit Punch + Shaker;74.9
Ganador de Masa Universe Nutrition Bigm 2 Kg Cookies + 2 Botellas de Quemador;134.9
Ganador de Masa Fitfem Fit Mass 5 Kg Vainilla + 2 Botellas de Quemador;199.9
Aminoacidos Universe Nutrition Pro Bcaa 1 Kg Fruit Punch + 2 Botellas de Quemador;189.9
Quemador Fitfem Ultra Fem 66 Capsulas + 2 Botellas de Quemador;109.9
Colageno Hidrolizado Universe Nutrition Collagen Pro 500 Gr Mora + 2 Botellas de Quemador;134.9
Proteína con Algas Marinas Protein DT 3Kg Vainilla;300.0
Pack Quemador de Grasa Nutri Fitness 160 Capsulas;140.0
Creatina Energy Nutrition Creamass Athletes Creatine 500G Natural+ Shaker;174.0
Generador de colágeno BIOSIL;103.9
Up&up Acetaminofen 500mg x 225 Gelcaps;239.0
Puramino Hipoalergénica Sin Lactosa - Lata 400 G;202.0
Aminoácido Bcaa One 6.0 500Gr Naranja;150.0
Proteína Isolatada Iso Whey 90 1.1Kg Chocolate;300.0
Proteína Whey Pro 1.1 Kg Vainilla + Creatina Universal Nutrition FLF;102.0
Proteína Whey Pro 1.1 Kg Chocolate + Creatina Universal Nutrition FLF;106.0
Ashwagandha Horbaach 4500MG 120 Capsulas;149.0
Colageno Hidrolizado Aleman Premium Viscofan Collinstant 200gr;54.0
Proteína Universe Nutrition Iso Whey 90 3000gr Chocolate;279.9
Colágeno Hidrolizado Alemán Ultra Premium Viscofan 300gr;90.0
Colágeno Hidrolizado Alemán Ultra Premium Viscofan 500gr;98.0
Proteína Universe Nutrition Whey Pro 5000gr Chocolate + Shaker;149.9
Proteína Universe Nutrition Nitro Whey 5000gr Chocolate + Shaker;249.9
Pre Entreno Universe Nutrition Nox-Up Intenze 1000gr Fruit Punch + Shaker;99.9
Pre Entreno Supreme Nutrition Supreme Pump Caja 20 Unid Watermelon;39.9
Ganador de Masa Fitfem Fit Mass 2 Kg Vainilla + 2 Botellas de Quemador;134.9
Ganador de Masa Universe Nutrition Bigm 2 Kg Lucuma + 2 Botellas de Quemador;134.9
Ganador de Masa Universe Nutrition Bigm 2 Kg Chocolate + 2 Botellas de Quemador;134.9
Proteina Fitfem Fem Pro 1.1 Kg Lucuma + 2 Botellas de Quemador;134.9
Te Saludable Fitfem Tea Fit 100 Gr Frambuesa + 2 Botellas de Quemador;129.9
Quemador Universe Nutrition Diabolus 28 Sachets Maracuya + 2 Botellas de Quemador;104.9
Termogenico Universe Nutrition Xtreme Nf 66 Caps Naranja + 2 Botellas de Quemador;104.9
Aminoácido Pro Bcaa 6000 500Gr Manzana;150.0
Proteína Whey Pro 1.1 Kg Cookies + Creatina Universal Nutrition FLF;106.0
PROTEÍNA WHEY PRO 1.1 KG COOKIES + CREATINA UNIVERSAL NUTRITION;99.9
PROTEÍNA WHEY PRO 5 KG CHOCOLATE + HAND GRIP;149.0
Helpzymes Enzimas Digestivas 100 Capsulas Natural Slim;210.0
Probioticos 120 Billion CFUs Vitalitown;179.0
Choline L-Bitartrate Inositol 1000MG;199.0
Proteína Whey Pro 3kg Chocolate Universe Nutrition;124.9
Creatina Supreme Nutrition Supreme Creat 500gr + shaker;104.9
Pre Entreno Universe Nutrition Nox-Up Intenze 1000gr Uva + Shaker;99.9
Pre Entreno Universe Nutrition Nox-Up Intenze 600gr Citrus Punch + Shaker;74.9
Pre Entreno Universe Nutrition Nox-Up Intenze 600gr Fruit Punch + Shaker;74.9
Proteína Universe Nutrition Nitro Whey 5000gr Vainilla + Shaker;249.9
Proteína Universe Nutrition Nitro Whey 5000gr Cookie + Shaker;249.9
Proteína Level Pro Whey Gold Pro 6.600 Libras Strawberry + Shaker;239.9
Proteina Energy Nutrition Isotech 1Kg Vainilla + Shaker;179.9
Colageno Hidrolizado Adn Collagen Powder 500 Gr Naranja + 2 Botellas de Quemador;134.9
Aminoacidos Universe Nutrition Pro Bcaa 500 Gr Manzana + 2 Botellas de Quemador;134.9
Energetico Universe Nutrition Maltodex 3 Kg + 2 Botellas de Quemador;99.9
Colágeno Renova Plus con biopéptidos activos Pack x2 Potes de 315 gr c/u;319.9
Magicmag Citrato De Magnesio NaturalSlim Sabor Fresalima 226g;199.0
Colageno Hidrolizado Aleman Ultra Premium Viscofan Collinstant 500+500gr;180.0
Demolitor Creatina Monohidratada con maca Polvo;69.9
Citrato de magnesio en polvo Natural Vitality Calm - 567 g;274.0
Calostro - Xtralife Natural Products - 60 Cápsulas;79.0
Pre Entreno Innovate Nutrition One Pre Nox 500gr Naranja + Shaker;74.9
Proteína Universe Nutrition Soja Complex 1500gr Chocolate + Shaker;59.9
Proteína Innovate Nutrition One Whey Isolate 1200gr Vainilla + Shaker;119.9
Proteína ADN Nutrition 100% Whey Pro 1200gr Vainilla + Shaker;79.9
Aminoácidos ADN Nutrition Bcaa'S 1000gr Fruit Punch + Shaker;119.9
Aminoácidos ADN Nutrition Bcaa'S 1000gr Citrus Punch + Shaker;119.9
Termogenico Universe Nutrition Xtreme Active 34 Sachets Naranja + 2 Botellas de Quemador;104.9
Aminoacidos Universe Nutrition Pro Bcaa 500 Gr Naranja + 2 Botellas de Quemador;134.9
Creatina Monohidratada 100% 250g Creabolic Universe Nutrition + Hand Grip;59.0
Creatina Monohidratada 100% 250g Creabolic Universe Nutrition;57.0
Gomitas Adultos Citrato de Magnesio Sottcor 130 Gomitas 2 Pack;77.0
Milk Thistle Cardo Mariano Silimarina 300mg Horbaach;155.0
Kevin Levrone 100% Creatina monohidratada 300g;57.5
Whey  Protein  Demolitor Sabor chocolate 2277g;199.9
Demolitor Creatina Monohidratada con maca  Cápsulas;35.0
Glucosamina con MSM 1500 mg Kirkland Signature 375 Tabletas;249.0
Ganador De Masa Muscular Universe Nutrition Bigm 2kg Vainilla + Shaker;124.9
Ganador De Masa Muscular Universe Nutrition Bigm 2kg Cookies + Shaker;124.9
Ganador De Masa Muscular Universe Nutrition Bigm 2kg Chocolate + Shaker;124.9
St. Johns Wort - Xtralife Natural Products - 60 Cápsulas;62.0
Proteína Universe Nutrition Nitro Whey Caja 10 Unid Chocolate;29.9
Proteína Supreme Nutrition Supreme Whey 6.6 Libras Chocolate + shaker;214.9
Proteína Level Pro Whey Gold Pro 6.600 Libras Rich Chocolate + Shaker;214.9
Aminoácidos Level Pro  Bcaa Level 8000 400gr Fruit Punch + Shaker;114.9
Aminoácidos Level Pro  Bcaa Level 8000 1000gr Orange + Shaker;189.9
Aminoácidos Level Pro  Bcaa Level 8000 1000gr Fruit Punch + Shaker;189.9
Aminoácidos Innovate Nutrition Bcaa One 6.0 500gr Fruit Punch + Shaker;84.9
Aminoácidos ADN Nutrition Bcaa'S 500gr Citrus Punch + Shaker;84.9
Colageno Hidrolizado Fitfem Collagen Fem 500 Gr Fruit Punch + 2 Botellas de Quemador;134.9
Colageno Hidrolizado Universe Nutrition Collagen Pro 500 Gr Fruit Punch + 2 Botellas de Quemador;134.9
Aminoacidos Universe Nutrition Pro Bcaa 1 Kg Manzana + 2 Botellas de Quemador;189.9
Te Saludable Adn Slim Tea 100 Gr Frambuesa + 2 Botellas de Quemador;129.9
Colágeno Renova Plus con biopéptidos activos pote de 315 gr;169.9
Cardiox para Presión Arterial;149.0
Proteína Level Pro Whey Gold Pro 6.600 Libras Vanilla Creme + Shaker;214.9
Ganador De Peso Universe Nutrition Bigm 5kg Vainilla + Shaker;300.0
Ganador de Masa Fitfem FitMass 5 Kg Chocolate;300.0
Ganador de Masa Fitfem FitMass 5 Kg Vainilla;300.0
Ganador de Masa Fitfem FitMass 2 Kg Chocolate;150.0
Ganador de Masa Fitfem FitMass 2 Kg Vainilla;150.0
Pre Entreno Universe Nutrition Nox Up Intenze 600g Mora + Shaker;119.9
Pre Entreno Universe Nutrition Nox Up Intenze 600g Citrus Punch + Shaker;119.9
Pre Entreno Universe Nutrition Nox Up Intenze 600g Uva + Shaker;119.9
Glutatión - Xtralife Natural Products - 30 Cápsulas;89.0
Quemador de Grasa ADN Nutrition HD Pack 15 Unid Manzana;24.9
Quemador de Grasa ADN Nutrition HD Pack 15 Unid Guaraná;24.9
Quemador de Grasa ADN Nutrition HD Pack 15 Unid Blueberry;24.9
Quemador de Grasa ADN Nutrition Demonio Caja 28 Unid Maracuyá + Shaker;44.9
Combo Universe Nutrition - 4 Biogen NF 500gr Chocolate + Shaker;109.9
Aminoácidos Mslava Fit Bcaa 500gr Citrus Punch + shaker;99.9
Aminoácidos Level Pro  Bcaa Level 8000 Caja 30 Unid Watermelon;94.9
Aminoácidos Level Pro  Bcaa Level 8000 Caja 30 Unid Blueberry;94.9
Aminoácidos Level Pro  Bcaa Level 8000 400gr Watermelon + Shaker;114.9
Aminoácidos Level Pro  Bcaa Level 8000 400gr Orange + Shaker;114.9
Proteína Whey Pro 3Kg Chocolate;200.0
Flexacil Ultra Pack x6 para Molestias Articulares y Oseas;395.0
Ocuvite Adulto 50+ 150 Unidades;278.0
Ashwagandha Horbaach 1380 mg 180 capsulas;159.0
Bioprost 120 Capsulas 6 Pack;396.0
Proteína Universe Nutrition Whey Pro 5000gr Chocolate;179.9
Proteína Universe Nutrition Nitro Whey 3000gr Cookies;179.9
Ganador de Masa Universe Nutrition Bigm 2 Kg Vainilla;89.9
Calcio 600 mg Kirkland 500 Tabletas;229.0
Pre Entreno Adn PreAdn 600gr Manzana + Shaker;150.0
Pre Entreno Adn PreAdn 600gr Fruit Punch + Shaker;150.0
Ganador De Peso Universe Nutrition Bigm 5kg Cookies + Shaker;300.0
Ganador De Peso Universe Nutrition Bigm 5kg Chocolate + Shaker;300.0
Pre Entreno Universe Nutrition Nox Up Intenze 600g Fruit Punch + Shaker;119.9
Quemador de Grasa Innovate Nutrition One Cut Pack 15 Und Manzana;24.9
Quemador de Grasa Innovate Nutrition One Cut Pack 15 Und Guaraná;24.9
Quemador de Grasa Fitfem Collagen Fit Pack De 15 Unid Blueberry;24.9
Quemador de Grasa ADN Women'S HD Women'S Pack 15 Unid Blueberry;24.9
Proteína Fitfem Fem Pro 3000gr Vainilla + Shaker;174.9
Aminoácidos Supreme Nutrition Supreme Bcaa 500gr Blueberry + shaker;114.9
Aminoácidos Supreme Nutrition Supreme Bcaa 1000gr Watermelon + shaker;189.9
Aminoácidos Supreme Nutrition Supreme Bcaa 1000gr Fruit Punch + shaker;189.9
Aminoácidos Mslava Fit Bcaa 500gr Raspberry + shaker;99.9
Aminoácidos Mslava Fit Bcaa 500gr Fruit Punch + shaker;99.9
Good Flora Probiotics Natural Slim 60 Capsulas Sabor Neutro;210.0
Demolitor Creatina Monohidratada con maca  Polvo;89.9
NaturalSlim flax oil aceite De Lino omega 3-6-9;279.0
Bioprost 60 Capsulas 3 Pack;268.0
Proteína Universe Nutrition Protein DT 3000gr Chocolate;169.9
Proteína Universe Nutrition Bigm 5000gr Cookies;159.9
Ganador de Masa Universe Nutrition Bigm 3 Kg Vainilla;109.9
Ganador de Masa Universe Nutrition Bigm 3 Kg Chocolate;200.0
Ganador de Masa Universe Nutrition Bigm 2 Kg Chocolate;89.9
Zeaxan  Cuidado para Tu Salud;149.0
Pre Entreno Adn PreAdn 600gr Naranja + Shaker;150.0
Quemador de Grasa Universe Nutrition Diabolus Caja 28 Unid Maracuyá + Shaker;44.9
Quemador de Grasa Supreme Nutrition Keto Fire 120 Caps + shaker;94.9
Quemador de Grasa Mslava Fit Final Cuts 120 Caps + shaker;89.9
Quemador de Grasa Level Pro Thermo X6 Frasco De 100 Caps + Shaker;94.9
Quemador de Grasa Innovate Nutrition One Cut Pack 15 Und Piña;24.9
Proteína Universe Nutrition Whey Pro 1100gr Cookie + Shaker;54.9
Proteína Universe Nutrition Nitro Whey 3000gr Cookie + Shaker;159.9
Aminoácidos Universe Nutrition Pro Bcaa 6000 1000gr Manzana + Shaker;119.9
Aminoácidos Universe Nutrition Pro Bcaa 6000 1000gr Citrus Punch + Shaker;119.9
Aminoácidos Supreme Nutrition Supreme Bcaa Caja 30 Unid Watermelon;89.9
Aminoácidos Supreme Nutrition Supreme Bcaa Caja 30 Unid Fruit Punch;89.9
Aminoácidos Supreme Nutrition Supreme Bcaa Caja 30 Unid Blueberry;89.9
B12 Metilcobalamina sublingual 5000 mcg 120 tabletas de disolución rápida Horbaach;159.0
Suplemento Aguaje en Gomitas Curvy Gummies 60 Gomitas;69.9
Ganador de Masa Universe Nutrition Bigm 2 Kg Cookies;89.9
Melatonina en Gomitas Natrol 5 mg - 180 gomitas;189.0
Quemador de Grasa Innovate Nutrition One Cut Pack 15 Und Blueberry;24.9
Proteína  ADN Women'S Women'S Mass 2000gr Vainilla + Shaker;79.9
Aminoácidos Level Pro  Bcaa Level 8000 1000gr Blueberry + Shaker;189.9
Quemador de Grasa Universe Nutrition Xtreme NF 66 Caps + Shaker;49.9
Quemador de Grasa Universe Nutrition X-B Pack 15 Unid Piña;24.9
Quemador de Grasa Universe Nutrition X-B Pack 15 Unid Guaraná;24.9
Quemador de Grasa Universe Nutrition X-B Pack 15 Unid Blueberry;24.9
Proteína Universe Nutrition Protein DT 1500gr Vainilla + Shaker;79.9
Proteína Universe Nutrition Bigm 2000gr Vainilla + Shaker;79.9
Proteína Fitfem Fem Pro 3000gr Chocolate + Shaker;174.9
Aminoácidos Universe Nutrition Pro Bcaa 6000 Caja 30 Unid Manzana + Shaker;64.9
Aminoácidos Universe Nutrition Pro Bcaa 6000 500gr Manzana + Shaker;84.9
Aminoácidos Universe Nutrition Pro Bcaa 6000 500gr Fruit Punch + Shaker;84.9
Aminoácidos Universe Nutrition Pro Bcaa 6000 500gr Citrus Punch + Shaker;84.9
Cartuchos Intuition SCHICK 4 Hojas con Barra Acondicionadora Caja 2un;25.5
Colchón Antiescaras Apex con Motor Silencioso;325.0
Minoxidil Liquido 60ml Kirkland;40.0
Bicarbonato de Sodio 1kg Alkofarma;21.9
Omega 3 6 y 9 DHA ARA EPA Colina Gummies Kids;54.9
Balanza Digital Bluetooth 180Kg Inteligente Negro FLF;22.9
Pack Desodorante para Mujer Antitranspirante Aerosol DOVE Orquídeas Frasco 150ml x3un;29.7
Corrector Postura Faja Dorso Lumbar Sacro Ortopedica Unisex Argym Sport;89.0
HGH Premium - Xtralife Natural Products - 30 Servidas;225.0
Flora Liv Probióticos Fuxion 28 Sticks;150.0
Minoxidil Liquido 60ml Kirkland 3 Unidades;105.0
Minoxidil Liquido 60ml Kirkland 2 Unidades;74.0
Ashwagandha frasco 60 capsulas 500 mg;69.9
Jabón Líquido Íntimo Lady Free Caléndula;8.5
Jabón Líquido Killa Galón;28.0
Balanza gramera báscula digital cocina capacidad hasta 10kg.;13.99
Clip Anti Ronquido Magnético;19.99
Tira Reactiva para Glucosa Safe Accu Caja 50 Un;59.0
Shampoo Tonno Plus Efecto Brasilero 400ml;27.9
Pack Aguaje en Polvo Pakari Superfoods 200 g;39.9
Pack Stevia Natural en Polvo Pakari Superfoods 100 g;35.0
Pack SEDAL Shampoo Ceramidas Frasco 340ml + Acondicionador Frasco 340ml;20.9
PROTEÍNA WHEY PRO 5 KG VAINILLA + HAND GRIP;152.0
Carlyle Picolinato De Cromo 200 Mcg 250 Tabletas;114.0
Faja Corset Argym Sport Dorso Lumbar Unisex XXL;89.0
Bio Tree Life Lechero Africano 100% Natural;209.0
Balanza Digital Bluetooth 180 kg Color Blanco;39.0
Tratamiento Prokpil Beige x 300 ml;44.0
Citrato de magnesio y potasio - Sorenu x Pack 500 g;180.7
HAIREX para Caida de Cabello;149.0
Corrector de Postura Inteligente con Sensor Recargable;19.9
Cinta Parches Facial para Estiramiento;20.9
Balanza de Peso Digital Smart Bluetooth;29.9
Banda Antironquido;25.99
Limpiador de Oídos Kit de Eliminación de Cera;14.9
Shampoo Matizador Violeta Acción Anti-Amarillo La Brasiliana x 250g;35.0
Shampoo Matizador Azul Acción Anti-Anaranjado La Brasiliana x 250g;35.0
Rodillera Ortopédica de Neopreno Talla Estándar Negro;25.9
Colágeno Hidrolizado Viscofan 500gr;97.0
Asiento Cojín de Gel Ortopédico con Funda para Auto Oficina Hogar;24.9
Capsulas de Cartílago de Tiburón Bionaturista;45.0
Afeitador  Philips Mg3731/15 Recortador Grooming 8 En 1;189.0
Baño y Shampoo Eucerin Baby - Frasco 400 ML;98.2
Crema Dental Totaldent Fluor - Tubo 220 G;6.9
Gasa Esteril Fraccionada Farmaprecio 5x5cm - Sobre 6 UN;1.9
Proteína Whey Pro 5Kg Vainilla;300.0
Toca tipo tira / cofia /gorro R&G Blanco Caja*100und;22.0
Bolsa Agua Caliente Caucho (Sin funda);21.0
Pack 4 Compresas Terapéuticas de Semillas Color Azul;90.0
Tonno Plus Acondicionador Efecto Brasilero con Keratina 400ml;27.9
Aguaje en Polvo Pakari Superfoods 200 g;21.9
Lúcuma en Polvo 200 g Pakari Superfoods;18.9
Pack 03 Frascos Espirulina Lima Naturals 100 Capsulas;98.0
ESTUCHE CORREA PARA LENTES 100% CUERO;28.0
Corrector De Postura Con Dorso Lumbar Talla L;89.0
DISPOSITIVO DE 8 PARCHES PARA RELAJACION Y DOLOR CORPORAL;69.99
Guantes De Compresión Para Artritis Talla M;49.99
Corrector con Dorso Lumbar Talla Estándar;79.99
Guantes De Compresión Para Artritis Talla L;49.99
Corrector De Postura Modelo 8 Talla M;45.0
Corrector De Postura Con Dorso Lumbar Talla Estándar;89.99
Corrector De Postura Modelo 8 Talla L;59.99
PLANTILLA Elevate Shoes de 3 a 5 cm;49.99
Almohada Gel Viscoelástico;89.99
Corrector De Postura Modelo 8 Talla XL;45.0
Step De 2 Niveles;119.99
Lapiz de Acupuntura 5 en 1 Recargable;89.99
Separador de Dedos del Pie Pack 3;59.99
Juanetero con Separador de Carrete;39.99
DISPOSITIVO DE 4 PARCHES PARA RELAJACION Y DOLOR CORPORAL;49.99
Guantes Para Artritis Con Compresión Para Aliviar El Dolor Talla M;49.99
Guantes De Compresión Con Cobre Terapéutico Alivia La Artritis Talla L;69.99
Guantes De Compresión Con Cobre Alivia Artritis Talla S;59.99
Balanza Gramera De 5 KG;55.0
Anti ronquido deja de roncar magnetico noseclip silicona;24.9
ANTIRONQUIDOS KIT TENDENCIA REDES;39.9
Caldo de huesos colageno GASPARI NUTRITION 480 GRAMOS NATURAL VAINILLA;200.0
Creatina Nutrex Research 300 g micronizada + shaker;74.9
FLEXACIL ULTRA CREMA -Alivio Rápido y Natural para el Dolor Articular;174.0
FLEXACIL ULTRA - 4xpack - CAPSULAS para molestias articulares y óseas;390.0
Nishman Wax Cera para el Cabello 08 Matte 150ml;39.9
Creatina + Astaxantina Cápsulas Maca Works;179.0
Creatina + Omega 3 Cápsulas Maca Works;169.0
Creatina + Maca Negra Cápsulas Maca Works;114.0
Creatina + Omega Power Cápsulas Maca Works;124.0
Mochila de Emergencia PERSONAL;102.4
NATURAL PROST XL    Suplemento Natural para la Próstata 60 Cápsulas;99.9
Mochila de emergencia MEDIANA;52.0
Mochila de emergencia PREMIUM FAMILIAR PLUS (5-6 personas);512.0
Mochila de emergencia SCHOOL LITE (hasta 15 alumnos);304.0
Mochila de emergencia OFFICE FULL (hasta 12 personas);320.0
Mochila de emergencia FAMILIAR PLUS (5-6 personas);256.0
Mochila de emergencia SCHOOL FULL (hasta 30 alumnos);464.0
Mochila de emergencia PREMUM FAMILIAR (3-4 personas);456.0
Manta térmica aluminizada;16.8
Mochila de emergencia OFFICE LITE (hasta 6 personas);216.0
Mochila de emergencia GRANDE;65.0
Mochila de emergencia FAMILIAR (3-4 personas);200.0
Mochila de emergencia PREMIUM (1-2 personas);400.0
Mochila de emergencia con botiquín de primeros auxilios;70.0
Mochila de emergencia BÁSICA (1-2 personas);160.0
Depiladora Philips Inalámbrica con 8 Accesorios BRE720;499.97
Depiladora Philips resistente al agua + 8 accesorios BRE720;499.97
Depiladora Philips Inalámbrica y Resistente al Agua + 8 Acs.;499.97
Tinte Kuul Fantasia Funny Colors 90 ml Bugambilia;26.9
Proteina Whey Gold Level Pro 6 6LB 3kg Cookies & Cream + Hand Grip;199.9
Tinte Kuul Fantasia Funny Colors 90 ml Plata;26.9
Tinte Kuul Fantasia Funny Colors 90 ml Azul;26.9
Tinte Kuul Fantasia Funny Colors 90 ml Blanco Titanio;26.9
Tinte Kuul Fantasia Funny Colors 90 ml Violeta;26.9
Tinte Kuul Fantasia Funny Colors 90 ml Magenta;26.9
Tinte Kuul Fantasia Funny Colors 90 ml Rojo Violeta;26.9
Tinte Kuul Fantasia Funny Colors 90 ml Verde Pera;26.9
Tinte Kuul Fantasia Funny Colors 90 ml Violeta Neón;26.9
Tinte Kuul Fantasia Funny Colors 90 ml Rojo;26.9
Tinte Kuul Fantasia Funny Colors 90 ml Azul Óceano;26.9
Tinte Kuul Fantasia Funny Colors 90 ml Naranja Neón;26.9
Tinte Kuul Fantasia Funny Colors 90 ml Azul Metálico;26.9
Tinte Kuul Fantasia Funny Colors 90 ml Rojo Rosado;26.9
Tinte Kuul Fantasia Funny Colors 90 ml Azul Neón;26.9
Tinte Kuul Fantasia Funny Colors 90 ml Rosa Neón;26.9
Tinte Kuul Fantasia Funny Colors 90 ml Verde;26.9
Tinte Kuul Fantasia Funny Colors 90 ml Azul Celeste;26.9
Tinte Kuul Fantasia Funny Colors 90 ml Coral;26.9
Tinte Kuul Fantasia Funny Colors 90 ml Verde Esmeralda;26.9
Tinte Kuul Fantasia Funny Colors 90 ml Verde Neón;26.9
Tinte Kuul Fantasia Funny Colors 90 ml Naranja;26.9
Tinte Kuul Fantasia Funny Colors 90 ml Blanco;26.9
Polvo Texturizador One Million 20gr Immortal;39.9
Pack Bandido Cera para el Cabello NO5 Azul y Polvo Texturizador 32gr;58.9
Bandido Cera para el Cabello No7 Rojo Fijación Fuerte 150ml;27.9
Pack  Bandido Cera para el Cabello NO8 Negro y Polvo Texturizador 32g;58.9
Bandido Cera para el Cabello NO8 Negro Fijación Extrema 150ml;25.9
Bandido Pack Cera para el Cabello NO5 Azul Fijación Media 150ml;70.9
Bandido Cera para el Cabello NO2 Naranja Fijación Suave 150ml;29.9
Bandido Cera para el Cabello NO5 Azul Fijación Media 150ml;27.9
Immortal Infuse Polvo Texturizador Styling Capilar 20g;33.0
Bandido Polvo Texturizador Extra Volumen Matte 32gr;32.9
Bandido Pack Cera para el Cabello No7 Rojo Fijación Fuerte 150ml;70.9
Cera Bandido Para el Cabello Efecto Telaraña Spider 150 ml;28.0
Creatina Ultimate Nutrition 300Gr Micronizada + Hand Grip;91.9
Afeitadora rotativa Style Series  R4011;259.0
Parches de desintoxicación de pies parche de pie cuidado adelgazante;29.9
Proteína Iso Gold WheyLevel Pro 1.1KG Rich Chocolate + Hand Grip;149.0
Bandido Cera para el Cabello NO6 Plateado Fijación Media 150ml;27.9
Depiladora Oasis Sensation Gama;319.0
Masajeador de cabeza eléctrico masaje Octopus Scalp Stress Relax Spa;54.0
Pasta de Dientes Dentifrice 112g - FARMASI;60.9
Tinte Kuul Fantasia Funny Colors 90 ml Plata;26.9
Rasurador afeitador depilador nariz oreja cejas nasal;24.9
Tinte Kuul Fantasia Funny Colors 90 ml Rosa Neón;26.9
Tinte Kuul Fantasia Funny Colors 90 ml Naranja Neón;26.9
Tinte Kuul Fantasia Funny Colors 90 ml Violeta Neón;26.9
Tinte Kuul Fantasia Funny Colors 90 ml Violeta;26.9
Tinte Kuul Fantasia Funny Colors 90 ml Verde Neón;26.9
Tinte Kuul Fantasia Funny Colors 90 ml Bugambilia;26.9
Tinte Kuul Fantasia Funny Colors 90 ml Verde Pera;26.9
Tinte Kuul Fantasia Funny Colors 90 ml Azul;26.9
Tinte Kuul Fantasia Funny Colors 90 ml Verde;26.9
Tinte Kuul Fantasia Funny Colors 90 ml Magenta;26.9
Tinte Kuul Fantasia Funny Colors 90 ml Azul Celeste;26.9
Tinte Kuul Fantasia Funny Colors 90 ml Naranja;26.9
Tinte Kuul Fantasia Funny Colors 90 ml Verde Esmeralda;26.9
Tinte Kuul Fantasia Funny Colors 90 ml Azul Neón;26.9
Tinte Kuul Fantasia Funny Colors 90 ml Coral;26.9
Tinte Kuul Fantasia Funny Colors 90 ml Blanco;26.9
Tinte Kuul Fantasia Funny Colors 90 ml Azul Óceano;26.9
Tinte Kuul Fantasia Funny Colors 90 ml Blanco Titanio;26.9
Tinte Kuul Fantasia Funny Colors 90 ml Azul Metálico;26.9
Tinte Kuul Fantasia Funny Colors 90 ml Rojo;26.9
Tinte Kuul Fantasia Funny Colors 90 ml Rojo Rosado;26.9
Tinte Kuul Fantasia Funny Colors 90 ml Rojo Violeta;26.9
Afeitadora Gama GSH Master 220V BECSH0000000161 Negro;169.0
Afeitadora de láminas Remington Style Series  F1001;199.0
Depilador Corporal Recargable de Vello Facial Portátil;55.0
Combo Depiladora de Cristal + Depilador Removedor de Vello Yes;52.0
REMOVEDOR DE PUNTOS NEGROS  MINI REMOVEDOR DE VELLO FACIAL;110.0
Pasta de Dientes Dentifrice 112g - FARMASI;60.9
BIORENN Suplemento Natural para la Salud Renal 60 cápsulas;139.9
Depiladora Removedor Vello Recargable;48.0
Maquina para cortar cabello supper pro clipper importados;55.0
Mini espejo  led  ventilador cerdito 3 en 1;39.0
Blanqueador dental en polvo  para dientes - multicolor;99.0
Antirronquidos para dejar de Roncar clip nasal;39.9
Espejo de Tocador para Maquillaje kawaii;50.0
parche de tratamiento de varices;70.0
parche para las varices;39.9
CEPILLO ALISADOR SECADOR Pack;92.0
Afeitadora rasuradora microtouch solo 3 en 1 multifuncion;42.0
DEPILADOR de CRISTAL con FRICCION 2025;19.9
Pack Almohada Memory Pillow Pierna Ergonómica;99.0
Perfilador de Nariz Corrector Moldeador Nasal de Silicona;24.9
Reductor de papada neckline slimmer reduce;55.0
Corrector de postura soporte espalda clavícula;29.0
Almohada ortopédica cervical memory pillow latex;39.5
Trenzadora de cabello babyliss peinado fácil y rápido - negro;72.0
Funda cubierta de zapato de silicona;32.0
Depilador facial cejas  y foreo 3x1 - blanco;52.0
depilador  doble kawaii 2023;25.0
PAPAYA CLEANSE - pack x 3 - elimina toxinas y parásitos;268.0
PAPAYA CLEANSE - elimina toxinas y parásitos;149.0
BIOP40 Suplemento Natural para la Próstata 60 Cápsulas;139.9
GLYCONORM - pack x6 - alivia y controla síntomas de diabetes;396.0
GLYCONORM - alivia y controla síntomas de diabetes;149.0
ZEAXAN - 6 pack - cuidado para tu SALUD OCULAR;396.0
COLÁGENO ORIGINAL FWP RENOVA PROMOCIÓN 2 POTES + 2 TOMATODOS;319.9
Suplemento de resveratrol 1800 mg - Carlyle;230.0
2 Ocuvite Adulto 50+ – 150 unid;540.0
Goli Ashwagandha Gummies - 60 gomitas 2 Uni;316.0
3 Suplemento de resveratrol 1800 mg - Carlyle;660.0
Gummy Vites Multivitaminas para Niños 300 gomitas - Lil Critters;194.9
2 Ocuvite Adulto 50+ – 150 unid;540.0
Aceite de orégano 4000 Mg - Carlye 150 cápsulas blandas;155.0
2 Aceite de orégano 4000 Mg - Carlye 150 cápsulas blandas;300.0
Aceite de orégano 4000 Mg - Carlye 150 cápsulas blandas;155.0
3 Ocuvite Adulto 50+ – 150 unid;795.0
2 Suplemento de resveratrol 1800 mg - Carlyle;450.0
3 Suplemento de resveratrol 1800 mg - Carlyle;660.0
2 Suplemento de resveratrol 1800 mg - Carlyle;450.0
Goli Ashwagandha Gummies - 60 gomitas;169.9
Goli Ashwagandha Gummies - 60 gomitas 2 Uni;316.0
Goli Ashwagandha Gummies - 60 gomitas 3 Uni;473.4
2 Aceite de orégano 4000 Mg - Carlye 150 cápsulas blandas;300.0
3 Aceite de orégano 4000 Mg - Carlyle 150 cápsulas blandas;420.0
Goli Ashwagandha Gummies - 60 gomitas 3 Uni;473.4
3 Ocuvite Adulto 50+ – 150 unid;795.0
Ocuvite Adulto 50+ – 150 unid;278.0
Gummy Vites Multivitaminas para Niños 300 gomitas - Lil Critters;194.9
Ocuvite Adulto 50+ – 150 unid;278.0
3 Aceite de orégano 4000 Mg - Carlyle 150 cápsulas blandas;420.0
Goli Ashwagandha Gummies - 60 gomitas;169.9
Suplemento de resveratrol 1800 mg - Carlyle;230.0
GUANTES DE COMPRESION DOLOR ARTRITIS GRIS TALLA M;45.0
GUANTES DE COMPRESION DOLOR ARTRITIS GRIS TALLA S;45.0
GUANTES DE COMPRESION DOLOR ARTRITIS NEGRO TALLA M;45.0
GUANTES DE COMPRESION DOLOR ARTRITIS NEGRO TALLA S;45.0
Almohada Antiarrugas Memory Foam Gel Regalo Antifaz Teraflex;79.9
Maquina Afeitadora Rasuradora Shaver Profesional Kemei 3381;77.0
Recortador de Barba Philips MG3711-15 series 3000 6 en1 Rostro;199.0
Afeitadora Philips S115100 Uso en Seco y Húmedo;199.0
BIOPROST GEL - 3 PACK - DÁNDOTE UN PLACER INTENSO;268.0
CALMANO - 3 pack - CREMA para HEMORROIDES;297.0
CALMANO - CAPSULAS para VARICES y HEMORROIDES;174.0
TURBOSLIM - pack x 3 - suplemento natural control de peso;268.0
CALMANO - CREMA para HEMORROIDES;174.0
CARDIOX - para la presión arterial;149.0
CALMANO - 3 pack - CREMA para VARICES;297.0
Faja Dorso Lumbar Talla XL - Beige;79.0
CALMANO - 6 pack - CAPSULAS para VARICES y HEMORROIDES;396.0
CALMANO capsulas pack x 3 + CALMANO crema pack x 3;396.0
LILUAMA -6 PACK -protege sistema inmune;396.0
CALMANO capsulas pack x 2 + 1 CALMANO crema;297.0
